Date,Close
7/30/2021,36.15
7/29/2021,34.15
7/28/2021,33.15
7/27/2021,33.15
7/26/2021,32.7
7/23/2021,33
7/22/2021,34.1
7/21/2021,33.8
7/20/2021,33.9
7/19/2021,32.15
7/16/2021,33.6
7/15/2021,32.75
7/14/2021,31.75
7/13/2021,32.9
7/12/2021,32.75
7/9/2021,35.2
7/8/2021,36.2
7/7/2021,36.55
7/6/2021,36
7/5/2021,37.95
7/2/2021,36.1
7/1/2021,35.95
6/30/2021,35.7
6/29/2021,36.45
6/28/2021,36.7
6/25/2021,36.35
6/24/2021,36.2
6/23/2021,35.8
6/22/2021,35.65
6/21/2021,34.75
6/18/2021,35
6/17/2021,34.9
6/16/2021,34.7
6/15/2021,35.35
6/14/2021,34.1
6/11/2021,34.65
6/10/2021,34.1
6/9/2021,33.96
6/8/2021,32.16
6/7/2021,34.4
6/4/2021,36.24
6/3/2021,36.72
6/2/2021,35.68
6/1/2021,33.68
5/31/2021,33.12
5/28/2021,31.12
5/27/2021,30.56
5/26/2021,30.76
5/25/2021,30.4
5/24/2021,30
5/21/2021,30
5/20/2021,29.92
5/19/2021,29.28
5/18/2021,29
5/17/2021,29.24
5/14/2021,29.16
5/13/2021,28.96
5/12/2021,28.92
5/11/2021,28.64
5/10/2021,28.96
5/7/2021,28.16
5/6/2021,27.84
5/5/2021,28.24
5/4/2021,27.56
4/29/2021,27.72
4/28/2021,27.04
4/27/2021,27.2
4/26/2021,26.64
4/23/2021,26.72
4/22/2021,26
4/20/2021,26.88
4/19/2021,26.96
4/16/2021,26.48
4/15/2021,27.08
4/14/2021,27.68
4/13/2021,27.68
4/12/2021,28.12
4/9/2021,27.52
4/8/2021,27.52
4/7/2021,27.52
4/6/2021,27.8
4/5/2021,27.8
4/2/2021,27.72
4/1/2021,27.08
3/31/2021,26.64
3/30/2021,26.64
3/29/2021,26.4
3/26/2021,25.96
3/25/2021,25.64
3/24/2021,25.96
3/23/2021,26.4
3/22/2021,26.72
3/19/2021,27.04
3/18/2021,27.16
3/17/2021,26.8
3/16/2021,26.76
3/15/2021,26.8
3/12/2021,26.36
3/11/2021,26.4
3/10/2021,26.2
3/9/2021,25.64
3/8/2021,25.44
3/5/2021,25.96
3/4/2021,25.92
3/3/2021,26.6
3/2/2021,26.4
3/1/2021,26.6
2/26/2021,26.44
2/25/2021,25.92
2/24/2021,24.96
2/23/2021,25.36
2/22/2021,25.28
2/19/2021,24.88
2/18/2021,23.32
2/17/2021,23.52
2/9/2021,22.84
2/8/2021,22
2/5/2021,22.8
2/4/2021,22.56
2/3/2021,22.48
2/2/2021,21.88
2/1/2021,21.32
1/29/2021,21.44
1/28/2021,20.48
1/27/2021,22
1/26/2021,22.24
1/25/2021,22.48
1/22/2021,22.92
1/21/2021,23.16
1/20/2021,22.64
1/19/2021,22.32
1/18/2021,23.96
1/15/2021,24.2
1/14/2021,23.88
1/13/2021,23.88
1/12/2021,24.08
1/11/2021,24.28
1/8/2021,24.16
1/7/2021,23.92
1/6/2021,23.92
1/5/2021,23.48
1/4/2021,22.92
12/31/2020,22.48
12/30/2020,22.24
12/29/2020,22.16
12/28/2020,22.24
12/25/2020,22.36
12/24/2020,21.84
12/23/2020,22.48
12/22/2020,23
12/21/2020,23.16
12/18/2020,22.72
12/17/2020,22.64
12/16/2020,22.6
12/15/2020,22.4
12/14/2020,22.56
12/11/2020,22.56
12/10/2020,22.36
12/9/2020,22.84
12/1/2020,21.84
11/30/2020,21.76
11/27/2020,21.76
11/26/2020,21.92
11/25/2020,21.84
11/24/2020,21.84
11/23/2020,21.84
11/20/2020,21.84
11/19/2020,21.76
11/18/2020,21.76
11/17/2020,21.76
11/16/2020,20.96
11/13/2020,21.2
11/12/2020,21.12
11/11/2020,20.32
11/10/2020,20.24
11/9/2020,20.32
11/6/2020,20.08
11/5/2020,19.92
11/4/2020,20.4
11/3/2020,20
11/2/2020,19.6
10/30/2020,19.28
10/29/2020,19.12
10/28/2020,19.04
10/27/2020,19.52
10/26/2020,19.84
10/23/2020,20.48
10/22/2020,20.48
10/21/2020,20.16
10/20/2020,20.24
10/19/2020,20.24
10/16/2020,19.76
10/15/2020,19.6
10/14/2020,19.2
10/13/2020,18.72
10/12/2020,18.64
10/9/2020,18.8
10/8/2020,18.56
10/7/2020,18.72
10/6/2020,19.2
10/5/2020,18.88
10/2/2020,18.4
10/1/2020,18
9/30/2020,18
9/29/2020,17.92
9/28/2020,18.08
9/25/2020,17.76
9/24/2020,17.76
9/23/2020,18
9/22/2020,17.84
9/21/2020,17.6
9/18/2020,17.36
9/17/2020,17.2
9/16/2020,16.96
9/15/2020,17.04
9/14/2020,16.96
9/11/2020,16.64
9/10/2020,16.72
9/9/2020,16.72
9/8/2020,16.48
9/7/2020,16.64
9/4/2020,16.88
9/3/2020,16.96
9/1/2020,16.88
8/31/2020,16.96
8/28/2020,17.12
8/27/2020,17.2
8/26/2020,16.96
8/25/2020,16.88
8/24/2020,16.8
8/21/2020,16.96
8/20/2020,16.64
8/19/2020,15.7538
8/18/2020,15.7538
8/17/2020,15.8769
8/14/2020,15.5692
8/13/2020,15.6923
8/12/2020,15.6308
8/11/2020,15.6308
8/10/2020,14.6462
8/7/2020,14.5846
8/6/2020,14.6462
8/5/2020,14.7692
8/4/2020,14.5846
8/3/2020,14.2769
7/31/2020,13.8462
7/30/2020,13.9077
7/29/2020,13.6615
7/28/2020,14.0923
7/27/2020,13.4154
7/24/2020,14.2769
7/23/2020,14.8923
7/22/2020,15.0154
7/21/2020,15.1385
7/20/2020,15.0769
7/17/2020,15.2615
7/16/2020,14.7692
7/15/2020,14.7692
7/14/2020,14.7692
7/13/2020,14.7077
7/10/2020,14.7692
7/9/2020,14.9538
7/8/2020,14.7077
7/7/2020,14.5846
7/6/2020,14.5231
7/3/2020,14.1538
7/2/2020,14.2154
7/1/2020,14.2769
6/30/2020,14.0308
6/29/2020,14.0923
6/26/2020,14.5231
6/25/2020,14.5846
6/24/2020,14.6462
6/23/2020,14.7692
6/22/2020,14.8308
6/19/2020,15.0154
6/18/2020,14.6462
6/17/2020,14.5846
6/16/2020,14.6462
6/15/2020,14.3385
6/12/2020,15.0769
6/11/2020,15.0769
6/10/2020,15.7538
6/9/2020,15.6923
6/8/2020,15.6308
6/5/2020,15.5077
6/4/2020,15.5692
6/3/2020,15.6923
6/2/2020,15.2615
6/1/2020,15.4462
5/29/2020,14.0923
5/28/2020,14.0923
5/27/2020,14.0308
5/26/2020,14.3385
5/25/2020,13.9077
5/22/2020,13.7846
5/21/2020,13.7846
5/20/2020,13.6615
5/19/2020,13.6615
5/18/2020,13.4154
5/15/2020,13.3538
5/14/2020,13.1692
5/13/2020,13.3538
5/12/2020,13.4154
5/11/2020,13.3538
5/8/2020,13.1692
5/7/2020,13.0462
5/6/2020,12.8
5/5/2020,12.4923
5/4/2020,12.4923
4/29/2020,12.6154
4/28/2020,12.4923
4/27/2020,12.3692
4/24/2020,12.4923
4/23/2020,12.4923
4/22/2020,12.5538
4/21/2020,12.1846
4/20/2020,12.7385
4/17/2020,12.9231
4/16/2020,12.5538
4/15/2020,12.4308
4/14/2020,12.3077
4/13/2020,12.3077
4/10/2020,12.1846
4/9/2020,12.3077
4/8/2020,12.4308
4/7/2020,12.4923
4/6/2020,12.6769
4/3/2020,11.7538
4/1/2020,11.4462
3/31/2020,10.9538
3/30/2020,11.2
3/27/2020,12.1231
3/26/2020,12.1231
3/25/2020,12.6154
3/24/2020,12.0615
3/23/2020,11.8769
3/20/2020,13.1692
3/19/2020,12.9846
3/18/2020,13.0462
3/17/2020,12.9846
3/16/2020,12.8615
3/13/2020,13.5385
3/12/2020,13.6
3/11/2020,14.4
3/10/2020,14.8923
3/9/2020,14.3385
3/6/2020,15.5692
3/5/2020,15.7538
3/4/2020,15.8769
3/3/2020,15.7538
3/2/2020,15.5077
2/28/2020,15.5077
2/27/2020,15.6923
2/26/2020,15.1385
2/25/2020,15.4462
2/24/2020,14.7692
2/21/2020,15.8154
2/20/2020,16.2462
2/19/2020,16.1846
2/18/2020,16.3692
2/17/2020,16.2462
2/14/2020,16.2462
2/13/2020,15.6923
2/12/2020,15.7538
2/11/2020,14.5846
2/10/2020,14.5231
2/7/2020,14.6462
2/6/2020,14.7692
2/5/2020,14.1538
2/4/2020,14.2769
2/3/2020,13.9077
1/31/2020,14.1538
1/30/2020,14.5231
1/22/2020,15.0769
1/21/2020,15.0769
1/20/2020,14.9538
1/17/2020,14.6462
1/16/2020,14.7077
1/15/2020,14.3385
1/14/2020,14.4615
1/13/2020,14.0923
1/10/2020,13.9692
1/9/2020,13.7846
1/8/2020,13.6
1/7/2020,13.8462
1/6/2020,13.8462
1/3/2020,14.1538
1/2/2020,14.1538
12/31/2019,14.0308
12/30/2019,13.9692
12/27/2019,13.9692
12/26/2019,13.9077
12/25/2019,14.0923
12/24/2019,13.9692
12/23/2019,14.0308
12/20/2019,13.9692
12/19/2019,13.8462
12/18/2019,13.8462
12/17/2019,14.0308
12/16/2019,14.1538
12/13/2019,14.2769
12/12/2019,14.1538
12/11/2019,14.0923
12/10/2019,14.0308
12/9/2019,14.0923
12/6/2019,14.1538
12/5/2019,14.1538
12/4/2019,14.2154
12/3/2019,13.9077
12/2/2019,13.9077
11/29/2019,14.2154
11/28/2019,14.0923
11/27/2019,14.2769
11/26/2019,14.5231
11/25/2019,14.4
11/22/2019,14.2769
11/21/2019,14.7692
11/20/2019,14.7077
11/19/2019,14.8923
11/18/2019,14.8308
11/15/2019,15.0154
11/14/2019,15.0769
11/13/2019,15.3846
11/12/2019,15.2
11/11/2019,15.2
11/8/2019,15.2615
11/7/2019,15.1385
11/6/2019,15.1385
11/5/2019,15.1385
11/4/2019,15.1385
11/1/2019,14.8923
10/31/2019,14.8308
10/30/2019,14.9538
10/29/2019,14.5846
10/28/2019,14.5846
10/25/2019,14.5231
10/24/2019,14.5231
10/23/2019,14.4615
10/22/2019,14.4615
10/21/2019,14.4
10/18/2019,14.8308
10/17/2019,15.0154
10/16/2019,15.0154
10/15/2019,15.0154
10/14/2019,15.0769
10/11/2019,14.7692
10/10/2019,14.7692
10/9/2019,14.5846
10/8/2019,14.3385
10/7/2019,14.2769
10/4/2019,14.5231
10/3/2019,14.5231
10/2/2019,14.5231
10/1/2019,14.5846
9/30/2019,14.4
9/27/2019,14.2769
9/26/2019,14.3385
9/25/2019,14.1538
9/24/2019,14.2769
9/23/2019,14.3385
9/20/2019,14.2769
9/19/2019,14.2154
9/18/2019,13.7846
9/17/2019,13.7231
9/16/2019,13.7846
9/13/2019,13.9077
9/12/2019,13.6615
9/11/2019,13.4154
9/10/2019,13.3538
9/9/2019,13.4769
9/6/2019,13.4769
9/5/2019,13.5385
9/4/2019,13.5385
9/3/2019,13.6
8/30/2019,13.6615
8/29/2019,13.6
8/28/2019,13.6615
8/27/2019,13.8462
8/26/2019,13.8462
8/23/2019,13.9077
8/22/2019,13.9692
8/21/2019,13.7231
8/20/2019,13.6615
8/19/2019,13.5385
8/16/2019,13.4769
8/15/2019,13.3538
8/14/2019,13.3538
8/13/2019,13.4769
8/12/2019,13.5385
8/9/2019,13.4769
8/8/2019,13.5385
8/7/2019,13.2923
8/6/2019,13.3538
8/5/2019,13.5385
8/2/2019,13.7231
8/1/2019,13.8462
7/31/2019,14.0308
7/30/2019,14.0923
7/29/2019,14.1538
7/26/2019,14.4
7/25/2019,14.5846
7/24/2019,14.5325
7/23/2019,14.5799
7/22/2019,14.6746
7/19/2019,14.7692
7/18/2019,14.5799
7/17/2019,14.5325
7/16/2019,14.2959
7/15/2019,14.2012
7/12/2019,14.2485
7/11/2019,14.2959
7/10/2019,14.0118
7/9/2019,14.1065
7/8/2019,13.7278
7/5/2019,13.8225
7/4/2019,13.8225
7/3/2019,13.6331
7/2/2019,13.6805
7/1/2019,13.8225
6/28/2019,13.6805
6/27/2019,13.5385
6/26/2019,13.7278
6/25/2019,13.8225
6/24/2019,13.9645
6/21/2019,13.9645
6/20/2019,14.0118
6/19/2019,13.6805
6/18/2019,13.6805
6/17/2019,13.5858
6/14/2019,13.5858
6/13/2019,13.5385
6/12/2019,13.4911
6/11/2019,13.5385
6/10/2019,13.5385
6/7/2019,13.5858
6/6/2019,13.4911
6/5/2019,13.6805
6/4/2019,13.5385
6/3/2019,13.5858
5/31/2019,13.7278
5/30/2019,13.7751
5/29/2019,13.8225
5/28/2019,13.6805
5/27/2019,13.7278
5/24/2019,13.8225
5/23/2019,13.9645
5/22/2019,14.0118
5/21/2019,13.9172
5/20/2019,13.8698
5/17/2019,13.8225
5/16/2019,13.8698
5/15/2019,13.9645
5/14/2019,13.7751
5/13/2019,13.8225
5/10/2019,13.8698
5/9/2019,13.7751
5/8/2019,13.9645
5/7/2019,13.9645
5/6/2019,13.9172
5/3/2019,14.2012
5/2/2019,14.0592
4/26/2019,14.2485
4/25/2019,14.2012
4/24/2019,14.2485
4/23/2019,14.0118
4/22/2019,13.8698
4/19/2019,14.0118
4/18/2019,14.0592
4/17/2019,14.1538
4/16/2019,14.2012
4/12/2019,14.2959
4/11/2019,14.3432
4/10/2019,14.2959
4/9/2019,14.4379
4/8/2019,14.5799
4/5/2019,14.2959
4/4/2019,14.2959
4/3/2019,14.2485
4/2/2019,14.3432
4/1/2019,14.3432
3/29/2019,14.3432
3/28/2019,14.3432
3/27/2019,14.3905
3/26/2019,14.3432
3/25/2019,14.2485
3/22/2019,14.4379
3/21/2019,14.3905
3/20/2019,14.6746
3/19/2019,14.8166
3/18/2019,15.1006
3/15/2019,15.0059
3/14/2019,14.9112
3/13/2019,14.8639
3/12/2019,14.6272
3/11/2019,14.3905
3/8/2019,14.3432
3/7/2019,14.4379
3/6/2019,14.3432
3/5/2019,14.3432
3/4/2019,14.3905
3/1/2019,14.2012
2/28/2019,14.0592
2/27/2019,14.4852
2/26/2019,14.5799
2/25/2019,14.6746
2/22/2019,14.4379
2/21/2019,14.2485
2/20/2019,14.3905
2/19/2019,14.3432
2/18/2019,14.3905
2/15/2019,14.2959
2/14/2019,14.2485
2/13/2019,14.4379
2/12/2019,14.4379
2/11/2019,14.2959
2/1/2019,13.9645
1/31/2019,13.9172
1/30/2019,13.8698
1/29/2019,13.7278
1/28/2019,13.6805
1/25/2019,13.8225
1/24/2019,13.8225
1/23/2019,13.7751
1/22/2019,13.7751
1/21/2019,13.9645
1/18/2019,13.5385
1/17/2019,13.6805
1/16/2019,13.6331
1/15/2019,13.7751
1/14/2019,13.5858
1/11/2019,13.6805
1/10/2019,13.6805
1/9/2019,13.7278
1/8/2019,13.4911
1/7/2019,13.5858
1/4/2019,13.3964
1/3/2019,13.3018
1/2/2019,13.8225
12/28/2018,14.0118
12/27/2018,13.9172
12/26/2018,13.5858
12/25/2018,13.6331
12/24/2018,13.7278
12/21/2018,13.9172
12/20/2018,14.0118
12/19/2018,14.0118
12/18/2018,14.0118
12/17/2018,14.0118
12/14/2018,14.3905
12/13/2018,14.5325
12/12/2018,14.6272
12/11/2018,14.4852
12/10/2018,14.4379
12/7/2018,14.4852
12/6/2018,14.5799
12/5/2018,14.6746
12/4/2018,14.7219
12/3/2018,14.8166
11/30/2018,14.1065
11/29/2018,13.9645
11/28/2018,13.9172
11/27/2018,13.6331
11/26/2018,13.7751
11/23/2018,13.7278
11/22/2018,13.9172
11/21/2018,13.6805
11/20/2018,13.6805
11/19/2018,13.7278
11/16/2018,13.4911
11/15/2018,13.0178
11/14/2018,13.0651
11/13/2018,13.3964
11/12/2018,13.5858
11/9/2018,13.5858
11/8/2018,13.9172
11/7/2018,13.8698
11/6/2018,13.9172
11/5/2018,14.2959
11/2/2018,14.3905
11/1/2018,13.8698
10/31/2018,14.3432
10/30/2018,13.4911
10/29/2018,13.2544
10/26/2018,13.3964
10/25/2018,13.6805
10/24/2018,13.8698
10/23/2018,14.0118
10/22/2018,14.5799
10/19/2018,14.6746
10/18/2018,14.6746
10/17/2018,14.9112
10/16/2018,14.8166
10/15/2018,14.6746
10/12/2018,15.1479
10/11/2018,14.6746
10/10/2018,15.9053
10/9/2018,15.9527
10/8/2018,15.9527
10/5/2018,15.9053
10/4/2018,16.0947
10/3/2018,15.858
10/2/2018,15.7633
10/1/2018,15.9527
9/28/2018,16.142
9/27/2018,16.0473
9/26/2018,16.0473
9/25/2018,16.0947
9/24/2018,16.2367
9/21/2018,16.284
9/20/2018,16
9/19/2018,15.858
9/18/2018,15.858
9/17/2018,15.716
9/14/2018,15.9527
9/13/2018,15.8107
9/12/2018,15.574
9/11/2018,15.6213
9/10/2018,15.5266
9/7/2018,15.8107
9/6/2018,15.4793
9/5/2018,15.4772
9/4/2018,15.6419
8/31/2018,16.0947
8/30/2018,16.3417
8/29/2018,16.177
8/28/2018,16.0123
8/27/2018,15.9712
8/24/2018,15.9712
8/23/2018,15.7242
8/22/2018,15.5596
8/21/2018,15.6007
8/20/2018,15.1068
8/17/2018,15.1479
8/16/2018,15.1479
8/15/2018,15.2303
8/14/2018,15.4361
8/13/2018,15.683
8/10/2018,15.3537
8/9/2018,15.1479
8/8/2018,15.1068
8/7/2018,14.6128
8/6/2018,14.4893
8/3/2018,14.6128
8/2/2018,14.6128
8/1/2018,14.6128
7/31/2018,14.7363
7/30/2018,14.8598
7/27/2018,14.654
7/26/2018,14.3247
7/25/2018,13.9954
7/24/2018,14.4893
7/23/2018,14.6951
7/20/2018,15.1479
7/19/2018,14.5716
7/18/2018,14.901
7/17/2018,14.654
7/16/2018,14.2012
7/13/2018,14.0777
7/12/2018,13.6249
7/11/2018,13.1309
7/10/2018,13.9542
7/9/2018,13.5837
7/6/2018,13.5014
7/5/2018,12.3077
7/4/2018,13.1721
7/3/2018,12.7605
7/2/2018,13.7072
6/29/2018,14.654
6/28/2018,14.8598
6/27/2018,15.4361
6/26/2018,15.93
6/25/2018,16.177
6/22/2018,16.2182
6/21/2018,15.7242
6/20/2018,16.2182
6/19/2018,16.0535
6/18/2018,16.3828
6/15/2018,17.0003
6/14/2018,16.7121
6/13/2018,17.0826
6/12/2018,17.1237
6/11/2018,17.5354
6/8/2018,17.7412
6/7/2018,17.453
6/6/2018,17.8235
6/5/2018,17.1649
6/4/2018,17.2884
6/1/2018,16.671
5/31/2018,16.4651
5/30/2018,15.8065
5/29/2018,16.177
5/28/2018,14.901
5/25/2018,16.4651
5/24/2018,16.8768
5/23/2018,17.0826
5/22/2018,16.9179
5/21/2018,17.3707
5/18/2018,17.6177
5/17/2018,17.6589
5/16/2018,17.7
5/15/2018,18.3175
5/14/2018,18.2351
5/11/2018,18.1117
5/10/2018,17.453
5/9/2018,18.2763
5/8/2018,18.6879
5/7/2018,18.9349
5/4/2018,17.947
5/3/2018,17.9058
5/2/2018,17.2884
4/27/2018,17.453
4/26/2018,16.7121
4/24/2018,18.2763
4/23/2018,18.3175
4/20/2018,19.7993
4/19/2018,19.6347
4/18/2018,20.1286
4/17/2018,20.3756
4/16/2018,20.0051
4/13/2018,19.964
4/12/2018,20.5403
4/11/2018,20.0875
4/10/2018,20.7872
4/9/2018,21.0342
4/6/2018,20.9519
4/5/2018,20.4991
4/4/2018,20.211
4/3/2018,20.1698
4/2/2018,20.2521
3/30/2018,19.2231
3/29/2018,19.1819
3/28/2018,19.3054
3/27/2018,19.5524
3/26/2018,19.47
3/23/2018,18.9349
3/22/2018,19.3465
3/21/2018,19.717
3/20/2018,19.9228
3/19/2018,19.3465
3/16/2018,18.8601
3/15/2018,18.4859
3/14/2018,18.411
3/13/2018,18.411
3/12/2018,18.1865
3/9/2018,17.5129
3/8/2018,16.9516
3/7/2018,16.9142
3/6/2018,17.1761
3/5/2018,16.4651
3/2/2018,17.4007
3/1/2018,17.2136
2/28/2018,17.5878
2/27/2018,17.3632
2/26/2018,16.9516
2/23/2018,16.7271
2/22/2018,16.54
2/21/2018,16.6522
2/13/2018,16.3529
2/12/2018,15.7167
2/9/2018,14.9309
2/8/2018,14.7812
2/7/2018,15.2303
2/6/2018,14.5567
2/5/2018,14.9683
2/2/2018,15.5296
2/1/2018,15.3425
1/31/2018,15.6045
1/30/2018,15.567
1/29/2018,15.7167
1/26/2018,15.7541
1/25/2018,15.6419
1/24/2018,15.3799
1/23/2018,15.4922
1/22/2018,15.0432
1/19/2018,14.7812
1/18/2018,14.7812
1/17/2018,14.5941
1/16/2018,14.5193
1/15/2018,14.5941
1/12/2018,14.6315
1/11/2018,14.9683
1/10/2018,14.8935
1/9/2018,15.0806
1/8/2018,15.0057
1/5/2018,14.5193
1/4/2018,14.5193
1/3/2018,14.4818
1/2/2018,14.5193
12/29/2017,13.8083
12/28/2017,13.7708
12/27/2017,13.6586
12/26/2017,12.985
12/25/2017,12.9102
12/22/2017,12.9476
12/21/2017,12.985
12/20/2017,13.0224
12/19/2017,13.0224
12/18/2017,13.1347
12/15/2017,12.7979
12/14/2017,12.7979
12/13/2017,12.6482
12/12/2017,12.9476
12/11/2017,13.247
12/8/2017,13.4715
12/7/2017,13.5463
12/6/2017,13.0598
12/5/2017,13.0973
12/4/2017,13.6586
12/1/2017,13.1721
11/30/2017,13.0598
11/29/2017,12.9102
11/28/2017,12.7231
11/27/2017,12.7979
11/24/2017,12.7605
11/23/2017,12.7231
11/22/2017,12.6856
11/21/2017,12.274
11/20/2017,12.274
11/17/2017,12.3863
11/16/2017,12.3863
11/15/2017,12.1618
11/14/2017,12.0495
11/13/2017,11.8998
11/10/2017,11.9746
11/9/2017,11.7875
11/8/2017,11.7501
11/7/2017,11.5256
11/6/2017,11.5256
11/3/2017,11.3759
11/2/2017,11.1514
11/1/2017,11.4882
10/31/2017,11.4508
10/30/2017,11.7127
10/27/2017,11.9372
10/26/2017,11.7875
10/25/2017,11.9372
10/24/2017,11.6379
10/23/2017,11.4882
10/20/2017,11.8624
10/19/2017,12.1243
10/18/2017,12.3114
10/17/2017,12.274
10/16/2017,12.2366
10/13/2017,12.1243
10/12/2017,11.8998
10/11/2017,11.9746
10/10/2017,11.9372
10/9/2017,11.9372
10/6/2017,11.7127
10/5/2017,11.4133
10/4/2017,11.563
10/3/2017,11.3385
10/2/2017,11.3759
9/29/2017,11.4508
9/28/2017,11.3385
9/27/2017,11.2637
9/26/2017,11.4508
9/25/2017,11.2637
9/22/2017,10.9269
9/21/2017,10.6275
9/20/2017,10.5152
9/19/2017,10.5152
9/18/2017,10.5527
9/15/2017,10.5152
9/14/2017,10.5527
9/13/2017,10.6275
9/12/2017,10.403
9/11/2017,10.2907
9/8/2017,10.5152
9/7/2017,10.7023
9/6/2017,10.8146
9/5/2017,10.852
9/1/2017,10.7023
8/31/2017,10.7398
8/30/2017,10.6649
8/29/2017,10.7023
8/28/2017,10.6649
8/25/2017,10.3281
8/24/2017,10.2533
8/23/2017,9.8791
8/22/2017,9.8042
8/21/2017,9.8042
8/18/2017,9.6171
8/17/2017,9.5797
8/16/2017,9.692
8/15/2017,9.6546
8/14/2017,9.6171
8/11/2017,9.5049
8/10/2017,9.5049
8/9/2017,9.5797
8/8/2017,9.7294
8/7/2017,9.7294
8/4/2017,9.6546
8/3/2017,9.7294
8/2/2017,9.7668
8/1/2017,9.7668
7/31/2017,9.7294
7/28/2017,9.6546
7/27/2017,9.5049
7/26/2017,9.5797
7/25/2017,9.3926
7/24/2017,9.2429
7/21/2017,9.3552
7/20/2017,9.43
7/19/2017,9.3926
7/18/2017,9.3926
7/17/2017,9.3178
7/14/2017,9.6546
7/13/2017,9.692
7/12/2017,9.692
7/11/2017,9.692
7/10/2017,9.692
7/7/2017,9.9165
7/6/2017,9.9165
7/5/2017,9.9165
7/4/2017,9.8042
7/3/2017,9.8791
6/30/2017,9.692
6/29/2017,9.7294
6/28/2017,9.6546
6/27/2017,9.692
6/26/2017,9.7668
6/23/2017,9.6171
6/22/2017,9.7668
6/21/2017,9.8417
6/20/2017,10.0288
6/19/2017,9.9539
6/16/2017,9.8791
6/15/2017,9.8791
6/14/2017,9.9913
6/13/2017,9.9165
6/12/2017,9.7294
6/9/2017,9.8042
6/8/2017,9.7668
6/7/2017,9.8791
6/6/2017,9.4675
6/5/2017,9.2804
6/2/2017,9.2429
6/1/2017,9.2804
5/31/2017,9.3552
5/30/2017,9.3552
5/29/2017,9.3926
5/26/2017,9.3552
5/25/2017,9.3926
5/24/2017,9.43
5/23/2017,9.1681
5/22/2017,9.3926
5/19/2017,9.2429
5/18/2017,9.1681
5/17/2017,9.1307
5/16/2017,8.9436
5/15/2017,8.7939
5/12/2017,8.8313
5/11/2017,8.7565
5/10/2017,8.8687
5/9/2017,8.8687
5/8/2017,8.6442
5/5/2017,8.7939
5/4/2017,8.9061
5/3/2017,8.9061
4/28/2017,8.6816
4/27/2017,8.4945
4/26/2017,8.4945
4/25/2017,8.27
4/24/2017,8.4197
4/21/2017,8.4945
4/20/2017,8.4945
4/19/2017,8.4945
4/18/2017,8.5694
4/17/2017,8.4197
4/14/2017,8.5694
4/13/2017,8.6068
4/12/2017,8.6442
4/11/2017,8.8687
4/10/2017,9.1307
4/7/2017,9.2804
4/5/2017,9.43
4/4/2017,9.4675
4/3/2017,9.3552
3/31/2017,9.1681
3/30/2017,9.2429
3/29/2017,9.2055
3/28/2017,9.2429
3/27/2017,9.43
3/24/2017,9.5423
3/23/2017,9.3178
3/22/2017,9.3552
3/21/2017,9.3552
3/20/2017,8.9436
3/17/2017,8.7565
3/16/2017,8.6816
3/15/2017,8.6442
3/14/2017,8.5319
3/13/2017,8.5694
3/10/2017,8.8687
3/9/2017,8.7565
3/8/2017,8.719
3/7/2017,8.4197
3/6/2017,8.4571
3/3/2017,8.5319
3/2/2017,8.4197
3/1/2017,8.4571
2/28/2017,8.5694
2/27/2017,8.5694
2/24/2017,8.4945
2/23/2017,8.4571
2/22/2017,8.4571
2/21/2017,8.4945
2/20/2017,8.4945
2/17/2017,8.4945
2/16/2017,8.4945
2/15/2017,8.719
2/14/2017,8.7939
2/13/2017,8.7939
2/10/2017,8.9436
2/9/2017,8.8687
2/8/2017,8.8687
2/7/2017,8.8687
2/6/2017,8.8313
2/3/2017,9.0558
2/2/2017,8.9061
1/25/2017,8.8313
1/24/2017,8.7939
1/23/2017,8.5694
1/20/2017,8.6442
1/19/2017,8.6068
1/18/2017,8.6442
1/17/2017,8.6068
1/16/2017,8.1577
1/13/2017,8.0455
1/12/2017,8.0829
1/11/2017,8.0829
1/10/2017,7.8584
1/9/2017,7.7835
1/6/2017,7.5216
1/5/2017,7.1474
1/4/2017,7.1474
1/3/2017,7.1099
12/30/2016,6.5861
12/29/2016,6.5861
12/28/2016,6.5486
12/27/2016,6.5112
12/26/2016,6.6609
12/23/2016,6.4738
12/22/2016,6.6609
12/21/2016,6.6983
12/20/2016,6.3615
12/19/2016,6.3615
12/16/2016,6.4364
12/15/2016,6.2493
12/14/2016,6.2118
12/13/2016,6.2118
12/12/2016,6.3615
12/9/2016,6.399
12/8/2016,6.2867
12/7/2016,6.2867
12/6/2016,6.399
12/5/2016,6.5486
12/2/2016,6.6235
12/1/2016,6.7357
11/30/2016,6.4976
11/29/2016,6.4976
11/28/2016,6.4976
11/25/2016,6.5997
11/24/2016,6.5997
11/23/2016,6.5656
11/22/2016,6.4976
11/21/2016,6.4636
11/18/2016,6.4296
11/17/2016,6.4636
11/16/2016,6.4296
11/15/2016,6.4976
11/14/2016,6.4636
11/11/2016,6.4976
11/10/2016,6.4976
11/9/2016,6.3615
11/8/2016,6.4636
11/7/2016,6.4976
11/4/2016,6.4636
11/3/2016,6.4636
11/2/2016,6.4976
11/1/2016,6.5316
10/31/2016,6.4636
10/28/2016,6.5997
10/27/2016,6.5316
10/26/2016,6.4976
10/25/2016,6.5316
10/24/2016,6.4636
10/21/2016,6.5997
10/20/2016,6.6337
10/19/2016,6.6677
10/18/2016,6.5316
10/17/2016,6.4976
10/14/2016,6.5656
10/13/2016,6.5997
10/12/2016,6.5656
10/11/2016,6.4636
10/10/2016,6.4636
10/7/2016,6.4636
10/6/2016,6.6337
10/5/2016,6.6337
10/4/2016,6.4976
10/3/2016,6.3275
9/30/2016,6.2255
9/29/2016,6.2255
9/28/2016,6.1914
9/27/2016,5.8853
9/26/2016,5.8512
9/23/2016,5.9193
9/22/2016,5.8853
9/21/2016,5.9193
9/20/2016,5.8172
9/19/2016,5.8172
9/16/2016,5.8853
9/15/2016,5.8853
9/14/2016,5.9193
9/13/2016,5.9533
9/12/2016,5.9873
9/9/2016,6.0213
9/8/2016,6.0554
9/7/2016,6.0554
9/6/2016,6.0894
9/5/2016,6.0554
9/1/2016,6.0894
8/31/2016,6.1234
8/30/2016,6.0554
8/29/2016,6.0554
8/26/2016,6.0894
8/25/2016,6.0554
8/24/2016,5.9533
8/23/2016,5.9873
8/22/2016,5.9533
8/19/2016,5.9873
8/18/2016,5.9873
8/17/2016,6.0213
8/16/2016,6.0554
8/15/2016,5.9533
8/12/2016,6.0213
8/11/2016,6.0213
8/10/2016,6.0213
8/9/2016,5.9873
8/8/2016,5.9873
8/5/2016,5.9873
8/4/2016,5.9533
8/3/2016,5.8853
8/2/2016,5.9533
8/1/2016,6.0554
7/29/2016,6.1574
7/28/2016,6.0894
7/27/2016,6.0894
7/26/2016,6.0894
7/25/2016,6.1574
7/22/2016,6.1574
7/21/2016,6.2255
7/20/2016,6.2935
7/19/2016,6.2935
7/18/2016,6.4296
7/15/2016,6.4636
7/14/2016,6.4636
7/13/2016,6.4636
7/12/2016,6.2935
7/11/2016,6.2935
7/8/2016,6.3615
7/7/2016,6.3615
7/6/2016,6.2935
7/5/2016,6.2935
7/4/2016,6.2935
7/1/2016,6.4636
6/30/2016,6.4636
6/29/2016,6.4636
6/28/2016,6.4636
6/27/2016,6.4976
6/24/2016,6.5316
6/23/2016,6.5316
6/22/2016,6.5316
6/21/2016,6.5316
6/20/2016,6.5316
6/17/2016,6.4976
6/16/2016,6.4976
6/15/2016,6.4976
6/14/2016,6.4976
6/13/2016,6.4636
6/10/2016,6.4636
6/9/2016,6.4296
6/8/2016,6.3956
6/7/2016,6.3615
6/6/2016,6.3615
6/3/2016,6.2935
6/2/2016,6.2935
6/1/2016,6.2935
5/31/2016,6.2595
5/30/2016,6.2935
5/27/2016,6.2935
5/26/2016,6.2255
5/25/2016,6.2595
5/24/2016,6.2935
5/23/2016,6.2935
5/20/2016,6.4976
5/19/2016,6.5997
5/18/2016,6.5656
5/17/2016,6.4636
5/16/2016,6.4636
5/13/2016,6.3615
5/12/2016,6.3956
5/11/2016,6.0894
5/10/2016,6.0894
5/9/2016,6.1234
5/6/2016,6.0554
5/5/2016,6.0554
5/4/2016,6.0894
4/29/2016,6.0894
4/28/2016,6.0213
4/27/2016,6.0554
4/26/2016,6.1234
4/25/2016,6.1234
4/22/2016,6.1914
4/21/2016,6.0213
4/20/2016,6.0213
4/19/2016,6.0554
4/15/2016,6.0894
4/14/2016,6.0554
4/13/2016,6.1574
4/12/2016,6.2255
4/11/2016,6.2595
4/8/2016,6.2935
4/7/2016,6.1914
4/6/2016,6.0894
4/5/2016,6.1234
4/4/2016,6.2255
4/1/2016,6.2255
3/31/2016,6.2255
3/30/2016,6.0213
3/29/2016,6.2935
3/28/2016,6.3275
3/25/2016,6.3275
3/24/2016,6.3615
3/23/2016,6.3956
3/22/2016,6.4296
3/21/2016,6.4636
3/18/2016,6.4976
3/17/2016,6.4976
3/16/2016,6.5316
3/15/2016,6.5316
3/14/2016,6.4976
3/11/2016,6.5997
3/10/2016,6.5656
3/9/2016,6.5997
3/8/2016,6.4636
3/7/2016,6.7357
3/4/2016,6.7017
3/3/2016,6.6337
3/2/2016,6.6337
3/1/2016,6.6677
2/29/2016,6.7017
2/26/2016,6.7698
2/25/2016,6.7357
2/24/2016,6.8038
2/23/2016,6.5316
2/22/2016,6.5316
2/19/2016,6.5316
2/18/2016,6.5316
2/17/2016,6.5316
2/16/2016,6.5997
2/15/2016,6.4636
2/5/2016,6.4976
2/4/2016,6.4636
2/3/2016,6.4636
2/2/2016,6.4636
2/1/2016,6.4296
1/29/2016,6.4636
1/28/2016,6.4636
1/27/2016,6.4636
1/26/2016,6.4636
1/25/2016,6.4976
1/22/2016,6.3275
1/21/2016,6.4296
1/20/2016,6.4296
1/19/2016,6.4296
1/18/2016,6.3275
1/15/2016,6.4976
1/14/2016,6.4636
1/13/2016,6.4636
1/12/2016,6.4636
1/11/2016,6.4636
1/8/2016,6.4976
1/7/2016,6.4976
1/6/2016,6.6337
1/5/2016,6.5997
1/4/2016,6.7017
12/31/2015,6.7357
12/30/2015,6.6337
12/29/2015,6.5997
12/28/2015,6.5656
12/25/2015,6.5316
12/24/2015,6.5316
12/23/2015,6.5316
12/22/2015,6.5656
12/21/2015,6.5997
12/18/2015,6.5316
12/17/2015,6.6337
12/16/2015,6.5656
12/15/2015,6.5656
12/14/2015,6.5997
12/11/2015,6.5997
12/10/2015,6.5656
12/9/2015,6.6677
12/8/2015,6.6677
12/7/2015,6.5997
12/4/2015,6.5997
12/3/2015,6.5997
12/2/2015,6.6337
12/1/2015,6.5997
11/30/2015,6.5997
11/27/2015,6.5997
11/26/2015,6.6677
11/25/2015,6.6677
11/24/2015,6.6677
11/23/2015,6.7698
11/20/2015,6.8038
11/19/2015,6.8378
11/18/2015,6.8718
11/17/2015,6.8378
11/16/2015,6.8718
11/13/2015,6.9739
11/12/2015,6.9058
11/11/2015,6.7698
11/10/2015,6.8718
11/9/2015,6.9399
11/6/2015,7.0079
11/5/2015,6.9739
11/4/2015,6.9399
11/3/2015,7.0079
11/2/2015,7.0079
10/30/2015,7.0759
10/29/2015,7.0759
10/28/2015,7.0079
10/27/2015,7.1099
10/26/2015,7.1099
10/23/2015,7.0759
10/22/2015,7.0759
10/21/2015,6.9739
10/20/2015,7.0079
10/19/2015,7.0419
10/16/2015,7.0419
10/15/2015,7.0759
10/14/2015,7.0759
10/13/2015,7.0759
10/12/2015,7.1099
10/9/2015,7.0079
10/8/2015,6.8718
10/7/2015,6.7698
10/6/2015,6.8718
10/5/2015,6.6677
10/2/2015,6.6337
10/1/2015,6.5997
9/30/2015,6.5997
9/29/2015,6.5997
9/28/2015,6.5656
9/25/2015,6.7017
9/24/2015,6.6337
9/23/2015,6.5656
9/22/2015,6.5316
9/21/2015,6.5656
9/18/2015,6.5656
9/17/2015,6.4976
9/16/2015,6.3615
9/15/2015,6.3615
9/14/2015,6.4296
9/11/2015,6.4636
9/10/2015,6.5316
9/9/2015,6.6337
9/8/2015,6.4636
9/7/2015,6.1574
9/4/2015,6.0894
9/3/2015,6.1574
9/1/2015,6.1914
8/31/2015,6.2255
8/28/2015,6.3956
8/27/2015,6.3275
8/26/2015,6.2595
8/25/2015,6.0554
8/24/2015,5.8172
8/21/2015,6.4296
8/20/2015,6.4296
8/19/2015,6.5316
8/18/2015,6.4636
8/17/2015,6.3615
8/14/2015,6.7357
8/13/2015,6.8378
8/12/2015,6.9739
8/11/2015,7.1099
8/10/2015,7.212
8/7/2015,6.9739
8/6/2015,6.9739
8/5/2015,7.1099
8/4/2015,7.0079
8/3/2015,7.0759
7/31/2015,7.3481
7/30/2015,7.3821
7/29/2015,7.3821
7/28/2015,7.4501
7/27/2015,7.4842
7/24/2015,7.4501
7/23/2015,7.4161
7/22/2015,7.6542
7/21/2015,7.212
7/20/2015,7.4161
7/17/2015,7.4842
7/16/2015,7.6542
7/15/2015,7.6883
7/14/2015,7.8924
7/13/2015,7.7563
7/10/2015,7.7223
7/9/2015,7.7223
7/8/2015,7.7903
7/7/2015,8.0285
7/6/2015,7.9604
7/3/2015,7.5862
7/2/2015,7.3821
7/1/2015,7.0419
6/30/2015,6.9739
6/29/2015,7.0759
6/26/2015,7.144
6/25/2015,7.3481
6/24/2015,7.28
6/23/2015,7.4161
6/22/2015,7.4501
6/19/2015,7.3821
6/18/2015,7.3141
6/17/2015,7.212
6/16/2015,7.28
6/15/2015,7.4161
6/12/2015,7.246
6/11/2015,7.3141
6/10/2015,7.4501
6/9/2015,7.4501
6/8/2015,7.4501
6/5/2015,7.3481
6/4/2015,6.9739
6/3/2015,6.7017
6/2/2015,6.6337
6/1/2015,6.8378
5/29/2015,6.5656
5/28/2015,6.4976
5/27/2015,6.1234
5/26/2015,5.9533
5/25/2015,5.6471
5/22/2015,5.477
5/21/2015,5.5451
5/20/2015,5.477
5/19/2015,5.443
5/18/2015,5.409
5/15/2015,5.477
5/14/2015,5.4433
5/13/2015,5.3781
5/12/2015,5.4107
5/11/2015,5.4107
5/8/2015,5.3781
5/7/2015,5.4107
5/6/2015,5.4107
5/5/2015,5.4107
5/4/2015,5.3455
4/27/2015,5.4759
4/24/2015,5.3129
4/23/2015,5.3781
4/22/2015,5.3781
4/21/2015,5.3129
4/20/2015,5.3781
4/17/2015,5.4107
4/16/2015,5.3781
4/15/2015,5.3781
4/14/2015,5.4107
4/13/2015,5.4107
4/10/2015,5.4107
4/9/2015,5.3781
4/8/2015,5.4107
4/7/2015,5.4433
4/6/2015,5.4759
4/3/2015,5.4759
4/2/2015,5.4107
4/1/2015,5.3781
3/31/2015,5.4433
3/30/2015,5.4759
3/27/2015,5.4759
3/26/2015,5.5411
3/25/2015,5.5411
3/24/2015,5.4759
3/23/2015,5.5085
3/20/2015,5.5737
3/19/2015,5.5085
3/18/2015,5.5085
3/17/2015,5.5085
3/16/2015,5.5085
3/13/2015,5.5085
3/12/2015,5.5411
3/11/2015,5.5737
3/10/2015,5.5411
3/9/2015,5.5085
3/6/2015,5.5411
3/5/2015,5.4759
3/4/2015,5.5085
3/3/2015,5.5085
3/2/2015,5.5411
2/27/2015,5.5411
2/26/2015,5.6388
2/25/2015,5.6388
2/24/2015,5.5737
2/13/2015,5.4759
2/12/2015,5.3455
2/11/2015,5.3455
2/10/2015,5.2803
2/9/2015,5.2477
2/6/2015,5.3455
2/5/2015,5.2477
2/4/2015,5.2477
2/3/2015,5.1825
2/2/2015,5.4759
1/30/2015,5.6063
1/29/2015,5.7692
1/28/2015,5.867
1/27/2015,5.6063
1/26/2015,5.6063
1/23/2015,5.5737
1/22/2015,5.3129
1/21/2015,5.1825
1/20/2015,5.2151
1/19/2015,5.2477
1/16/2015,5.1825
1/15/2015,5.1825
1/14/2015,5.2803
1/13/2015,5.3781
1/12/2015,5.2477
1/9/2015,5.1825
1/8/2015,5.1499
1/7/2015,5.1173
1/6/2015,5.0521
1/5/2015,4.987
12/31/2014,5.0196
12/30/2014,4.987
12/29/2014,4.987
12/26/2014,5.0196
12/25/2014,5.0196
12/24/2014,5.0521
12/23/2014,5.0521
12/22/2014,4.987
12/19/2014,5.0196
12/18/2014,5.0196
12/17/2014,4.987
12/16/2014,5.0196
12/15/2014,5.0521
12/12/2014,5.0521
12/11/2014,5.0521
12/10/2014,5.0196
12/9/2014,4.987
12/8/2014,5.0847
12/5/2014,5.0847
12/4/2014,5.0847
12/3/2014,4.9544
12/2/2014,4.9218
12/1/2014,4.9544
11/28/2014,4.9544
11/27/2014,5.0196
11/26/2014,4.9544
11/25/2014,5.0196
11/24/2014,4.987
11/21/2014,5.0196
11/20/2014,5.0847
11/19/2014,5.0847
11/18/2014,5.1173
11/17/2014,5.1499
11/14/2014,5.1173
11/13/2014,5.2151
11/12/2014,5.2151
11/11/2014,5.1173
11/10/2014,5.0196
11/7/2014,5.0847
11/6/2014,5.0847
11/5/2014,4.9218
11/4/2014,4.987
11/3/2014,4.987
10/31/2014,4.987
10/30/2014,4.987
10/29/2014,4.9544
10/28/2014,4.9218
10/27/2014,4.9218
10/24/2014,4.9218
10/23/2014,4.9544
10/22/2014,4.9218
10/21/2014,4.9218
10/20/2014,4.9218
10/17/2014,4.9544
10/16/2014,4.9218
10/15/2014,4.9218
10/14/2014,4.9218
10/13/2014,4.9218
10/10/2014,4.9218
10/9/2014,4.9218
10/8/2014,4.9218
10/7/2014,4.9218
10/6/2014,4.9218
10/3/2014,4.9218
10/2/2014,4.9544
10/1/2014,4.9544
9/30/2014,4.9544
9/29/2014,4.9544
9/26/2014,4.9544
9/25/2014,4.9544
9/24/2014,4.9544
9/23/2014,4.9544
9/22/2014,4.9544
9/19/2014,4.9544
9/18/2014,4.9544
9/17/2014,5.0196
9/16/2014,4.987
9/15/2014,4.9544
9/12/2014,4.9544
9/11/2014,4.987
9/10/2014,4.987
9/9/2014,4.9544
9/8/2014,4.987
9/5/2014,5.0196
9/4/2014,5.0196
9/3/2014,5.0196
8/29/2014,5.0521
8/28/2014,4.987
8/27/2014,4.987
8/26/2014,5.0196
8/25/2014,5.0196
8/22/2014,4.987
8/21/2014,4.987
8/20/2014,4.987
8/19/2014,4.987
8/18/2014,5.0196
8/15/2014,4.987
8/14/2014,4.9544
8/13/2014,4.987
8/12/2014,4.987
8/11/2014,4.987
8/8/2014,5.0196
8/7/2014,5.0196
8/6/2014,5.0196
8/5/2014,5.0196
8/4/2014,5.0196
8/1/2014,5.0196
7/31/2014,5.0196
7/30/2014,5.0196
7/29/2014,5.0196
7/28/2014,4.987
7/25/2014,4.987
7/24/2014,5.0196
7/23/2014,5.0196
7/22/2014,5.0196
7/21/2014,5.0196
7/18/2014,5.0521
7/17/2014,5.0521
7/16/2014,5.0521
7/15/2014,5.0521
7/14/2014,5.0196
7/11/2014,5.0196
7/10/2014,5.0196
7/9/2014,5.0521
7/8/2014,5.0521
7/7/2014,5.0521
7/4/2014,5.0521
7/3/2014,5.0847
7/2/2014,5.0521
7/1/2014,5.0521
6/30/2014,5.0196
6/27/2014,5.0521
6/26/2014,5.0196
6/25/2014,5.0847
6/24/2014,5.0196
6/23/2014,5.0196
6/20/2014,5.0521
6/19/2014,5.0521
6/18/2014,5.0196
6/17/2014,5.0521
6/16/2014,5.0521
6/13/2014,5.0521
6/12/2014,5.0847
6/11/2014,5.1173
6/10/2014,5.0521
6/9/2014,5.0847
6/6/2014,5.0847
6/5/2014,5.0521
6/4/2014,5.0521
6/3/2014,4.987
6/2/2014,5.0521
5/30/2014,5.1173
5/29/2014,5.1173
5/28/2014,5.1499
5/27/2014,5.1173
5/26/2014,5.0521
5/23/2014,5.0521
5/22/2014,5.0847
5/21/2014,5.1173
5/20/2014,5.0196
5/19/2014,5.0196
5/16/2014,5.0196
5/15/2014,5.0196
5/14/2014,4.987
5/13/2014,4.8892
5/12/2014,4.8565
5/9/2014,5.0121
5/8/2014,4.9188
5/7/2014,5.1055
5/6/2014,5.0744
5/5/2014,5.1055
4/29/2014,5.1055
4/28/2014,5.1055
4/25/2014,5.1367
4/24/2014,5.0433
4/23/2014,5.1367
4/22/2014,5.1989
4/21/2014,5.1678
4/18/2014,5.1989
4/17/2014,5.1989
4/16/2014,5.2301
4/15/2014,5.1989
4/14/2014,5.3235
4/11/2014,5.2612
4/10/2014,5.2612
4/8/2014,5.2301
4/7/2014,5.2612
4/4/2014,5.3235
4/3/2014,5.3546
4/2/2014,5.2301
4/1/2014,5.2612
3/31/2014,5.3235
3/28/2014,5.3235
3/27/2014,5.2923
3/26/2014,5.2923
3/25/2014,5.3857
3/24/2014,5.448
3/21/2014,5.3857
3/20/2014,5.4169
3/19/2014,5.448
3/18/2014,5.3235
3/17/2014,5.1678
3/14/2014,5.1367
3/13/2014,5.1367
3/12/2014,5.1055
3/11/2014,5.1367
3/10/2014,5.1367
3/7/2014,5.1678
3/6/2014,5.1678
3/5/2014,5.1678
3/4/2014,5.1678
3/3/2014,5.1989
2/28/2014,5.3235
2/27/2014,5.3857
2/26/2014,5.0744
2/25/2014,5.0121
2/24/2014,5.0121
2/21/2014,5.0121
2/20/2014,4.981
2/19/2014,5.0121
2/18/2014,5.0121
2/17/2014,5.0121
2/14/2014,5.1367
2/13/2014,5.1367
2/12/2014,5.1055
2/11/2014,5.0744
2/10/2014,5.0433
2/7/2014,5.0433
2/6/2014,5.0433
1/27/2014,5.0433
1/24/2014,5.0433
1/23/2014,5.0121
1/22/2014,5.0121
1/21/2014,5.0121
1/20/2014,5.1055
1/17/2014,5.1367
1/16/2014,5.0121
1/15/2014,5.0433
1/14/2014,5.0433
1/13/2014,4.9499
1/10/2014,4.981
1/9/2014,4.9499
1/8/2014,4.9188
1/7/2014,4.9499
1/6/2014,4.8876
1/3/2014,4.9188
1/2/2014,4.8876
12/31/2013,4.8565
12/30/2013,4.8876
12/27/2013,4.8876
12/26/2013,4.8565
12/25/2013,4.8565
12/24/2013,4.8876
12/23/2013,4.8876
12/20/2013,4.8565
12/19/2013,4.8876
12/18/2013,4.8565
12/17/2013,4.8565
12/16/2013,4.8565
12/13/2013,4.8565
12/12/2013,4.8565
12/11/2013,4.8254
12/10/2013,4.8565
12/9/2013,4.8565
12/6/2013,4.8565
12/5/2013,4.8876
12/4/2013,4.8876
12/3/2013,4.8565
12/2/2013,4.8565
11/29/2013,4.8565
11/28/2013,4.8254
11/27/2013,4.8876
11/26/2013,4.8876
11/25/2013,4.8876
11/22/2013,4.8876
11/21/2013,4.8876
11/20/2013,4.8876
11/19/2013,4.8876
11/18/2013,4.8565
11/15/2013,4.8565
11/14/2013,4.8565
11/13/2013,4.8565
11/12/2013,4.8565
11/11/2013,4.8254
11/8/2013,4.8254
11/7/2013,4.8254
11/6/2013,4.8565
11/5/2013,4.8876
11/4/2013,4.8565
11/1/2013,4.8876
10/31/2013,4.8565
10/30/2013,4.8565
10/29/2013,4.8565
10/28/2013,4.8254
10/25/2013,4.8565
10/24/2013,4.8565
10/23/2013,4.8565
10/22/2013,4.8565
10/21/2013,4.8876
10/18/2013,4.8876
10/17/2013,4.8876
10/16/2013,4.9188
10/15/2013,4.9188
10/14/2013,4.8876
10/11/2013,4.8876
10/10/2013,4.8876
10/9/2013,4.9188
10/8/2013,4.8565
10/7/2013,4.8876
10/4/2013,4.8565
10/3/2013,4.8876
10/2/2013,4.8565
10/1/2013,4.8876
9/30/2013,4.8254
9/27/2013,4.8254
9/26/2013,4.8254
9/25/2013,4.8254
9/24/2013,4.8254
9/23/2013,4.7942
9/20/2013,4.8254
9/19/2013,4.7942
9/18/2013,4.7942
9/17/2013,4.7942
9/16/2013,4.7942
9/13/2013,4.7942
9/12/2013,4.7631
9/11/2013,4.8254
9/10/2013,4.7942
9/9/2013,4.7631
9/6/2013,4.7942
9/5/2013,4.7631
9/4/2013,4.732
9/3/2013,4.7631
8/30/2013,4.7942
8/29/2013,4.732
8/28/2013,4.732
8/27/2013,4.8254
8/26/2013,4.8254
8/23/2013,4.8254
8/22/2013,4.8254
8/21/2013,4.8565
8/20/2013,4.8565
8/19/2013,4.8565
8/16/2013,4.8254
8/15/2013,4.8565
8/14/2013,4.8876
8/13/2013,4.8254
8/12/2013,4.8254
8/9/2013,4.8254
8/8/2013,4.8565
8/7/2013,4.9188
8/6/2013,4.8876
8/5/2013,4.8876
8/2/2013,4.8876
8/1/2013,4.8876
7/31/2013,4.9188
7/30/2013,4.981
7/29/2013,4.9499
7/26/2013,4.9499
7/25/2013,4.9188
7/24/2013,4.981
7/23/2013,5.0121
7/22/2013,4.981
7/19/2013,4.981
7/18/2013,5.0121
7/17/2013,5.0121
7/16/2013,4.9499
7/15/2013,4.981
7/12/2013,4.981
7/11/2013,4.9499
7/10/2013,4.981
7/9/2013,4.9499
7/8/2013,4.9188
7/5/2013,4.981
7/4/2013,5.0433
7/3/2013,5.0433
7/2/2013,5.0433
7/1/2013,5.0121
6/28/2013,5.0121
6/27/2013,5.0121
6/26/2013,5.0121
6/25/2013,5.0121
6/24/2013,5.0744
6/21/2013,5.0433
6/20/2013,5.0433
6/19/2013,5.0744
6/18/2013,5.0433
6/17/2013,5.0433
6/14/2013,5.1055
6/13/2013,5.1367
6/12/2013,5.1678
6/11/2013,5.1989
6/10/2013,5.1989
6/7/2013,5.2301
6/6/2013,5.1678
6/5/2013,5.1678
6/4/2013,5.1367
6/3/2013,5.2301
5/31/2013,5.1367
5/30/2013,5.1367
5/29/2013,5.1678
5/28/2013,5.1678
5/27/2013,5.1367
5/24/2013,5.1678
5/23/2013,5.1367
5/22/2013,5.1989
5/21/2013,5.0121
5/20/2013,4.981
5/17/2013,5.0121
5/16/2013,4.9856
5/15/2013,4.8661
5/14/2013,4.8661
5/13/2013,4.896
5/10/2013,4.896
5/9/2013,4.8661
5/8/2013,4.8064
5/7/2013,4.8661
5/6/2013,4.8363
5/3/2013,4.8064
5/2/2013,4.8064
4/26/2013,4.7766
4/25/2013,4.7766
4/24/2013,4.7467
4/23/2013,4.7467
4/22/2013,4.7169
4/18/2013,4.7169
4/17/2013,4.7169
4/16/2013,4.7766
4/15/2013,4.8064
4/12/2013,4.9258
4/11/2013,4.9856
4/10/2013,4.7766
4/9/2013,4.7766
4/8/2013,4.8064
4/5/2013,4.8363
4/4/2013,4.8064
4/3/2013,4.8661
4/2/2013,4.8661
4/1/2013,4.8661
3/29/2013,4.896
3/28/2013,4.896
3/27/2013,4.8661
3/26/2013,4.8661
3/25/2013,4.9258
3/22/2013,4.9258
3/21/2013,4.9258
3/20/2013,4.9557
3/19/2013,4.9258
3/18/2013,4.9258
3/15/2013,4.9557
3/14/2013,4.9258
3/13/2013,4.9258
3/12/2013,4.9557
3/11/2013,4.9557
3/8/2013,4.9258
3/7/2013,4.896
3/6/2013,4.9258
3/5/2013,4.8661
3/4/2013,4.896
3/1/2013,4.9856
2/28/2013,4.9258
2/27/2013,4.9258
2/26/2013,4.896
2/25/2013,5.0154
2/22/2013,5.0154
2/21/2013,4.9258
2/20/2013,5.1945
2/19/2013,5.2841
2/18/2013,5.3139
2/8/2013,5.3438
2/7/2013,5.2542
2/6/2013,5.2542
2/5/2013,5.2244
2/4/2013,5.2542
2/1/2013,5.2841
1/31/2013,5.2841
1/30/2013,5.3438
1/29/2013,5.3438
1/28/2013,5.2841
1/25/2013,5.2542
1/24/2013,5.1647
1/23/2013,5.0751
1/22/2013,5.0751
1/21/2013,5.2244
1/18/2013,5.3139
1/17/2013,5.3736
1/16/2013,5.4334
1/15/2013,5.4334
1/14/2013,5.3736
1/11/2013,5.4334
1/10/2013,5.4632
1/9/2013,5.4035
1/8/2013,5.1647
1/7/2013,5.1348
1/4/2013,5.1348
1/3/2013,5.0751
1/2/2013,5.1647
12/28/2012,4.9258
12/27/2012,4.8661
12/26/2012,4.8661
12/25/2012,4.8064
12/24/2012,4.8064
12/21/2012,4.8064
12/20/2012,4.8363
12/19/2012,4.8661
12/18/2012,4.7766
12/17/2012,4.896
12/14/2012,5.0453
12/13/2012,4.8064
12/12/2012,4.6273
12/11/2012,4.478
12/10/2012,4.478
12/7/2012,4.4183
12/6/2012,4.4183
12/5/2012,4.4482
12/4/2012,4.3586
12/3/2012,4.3586
11/30/2012,4.3288
11/29/2012,4.3885
11/28/2012,4.3885
11/27/2012,4.3885
11/26/2012,4.3885
11/23/2012,4.3288
11/22/2012,4.3885
11/21/2012,4.3885
11/20/2012,4.4183
11/19/2012,4.3885
11/16/2012,4.4482
11/15/2012,4.478
11/14/2012,4.5079
11/13/2012,4.5079
11/12/2012,4.5377
11/9/2012,4.4482
11/8/2012,4.4183
11/7/2012,4.478
11/6/2012,4.3586
11/5/2012,4.3586
11/2/2012,4.3288
11/1/2012,4.5377
10/31/2012,4.5676
10/30/2012,4.6273
10/29/2012,4.7169
10/26/2012,4.7169
10/25/2012,4.7467
10/24/2012,4.7169
10/23/2012,4.687
10/22/2012,4.6572
10/19/2012,4.687
10/18/2012,4.7766
10/17/2012,4.8064
10/16/2012,4.8363
10/15/2012,4.7766
10/12/2012,4.8064
10/11/2012,4.8363
10/10/2012,4.7766
10/9/2012,4.7766
10/8/2012,4.7467
10/5/2012,4.7169
10/4/2012,4.687
10/3/2012,4.7169
10/2/2012,4.7169
10/1/2012,4.7467
9/28/2012,4.896
9/27/2012,4.896
9/26/2012,4.9557
9/25/2012,5.0453
9/24/2012,5.1348
9/21/2012,4.896
9/20/2012,4.5975
9/19/2012,4.7467
9/18/2012,5.0751
9/17/2012,5.4334
9/14/2012,5.4035
9/13/2012,5.2841
9/12/2012,5.3139
9/11/2012,5.3438
9/10/2012,5.4035
9/7/2012,5.7617
9/6/2012,5.8215
9/5/2012,5.8812
9/4/2012,5.911
8/31/2012,5.911
8/30/2012,5.9707
8/29/2012,5.9707
8/28/2012,5.6722
8/27/2012,6.0304
8/24/2012,6.5081
8/23/2012,6.2693
8/22/2012,6.7171
8/21/2012,7.1947
8/20/2012,7.7321
8/17/2012,7.7022
8/16/2012,7.6724
8/15/2012,7.7022
8/14/2012,7.7022
8/13/2012,7.6724
8/10/2012,7.6724
8/9/2012,7.7022
8/8/2012,7.6724
8/7/2012,7.6425
8/6/2012,7.7022
8/3/2012,7.6724
8/2/2012,7.6724
8/1/2012,7.6724
7/31/2012,7.6724
7/30/2012,7.7022
7/27/2012,7.6724
7/26/2012,7.6724
7/25/2012,7.6724
7/24/2012,7.6425
7/23/2012,7.6724
7/20/2012,7.6724
7/19/2012,7.7022
7/18/2012,7.7022
7/17/2012,7.7022
7/16/2012,7.6425
7/13/2012,7.6127
7/12/2012,7.6127
7/11/2012,7.6425
7/10/2012,7.6127
7/9/2012,7.6425
7/6/2012,7.6724
7/5/2012,7.6724
7/4/2012,7.6425
7/3/2012,7.6425
7/2/2012,7.6425
6/29/2012,7.6724
6/28/2012,7.6724
6/27/2012,7.6724
6/26/2012,7.6724
6/25/2012,7.6425
6/22/2012,7.6724
6/21/2012,7.7022
6/20/2012,7.7022
6/19/2012,7.7022
6/18/2012,7.7022
6/15/2012,7.6425
6/14/2012,7.6425
6/13/2012,7.7022
6/12/2012,7.6724
6/11/2012,7.7022
6/8/2012,7.6425
6/7/2012,7.7321
6/6/2012,7.7022
6/5/2012,7.6724
6/4/2012,7.6425
6/1/2012,7.7022
5/31/2012,7.6724
5/30/2012,7.7321
5/29/2012,7.7022
5/28/2012,7.7022
5/25/2012,7.7321
5/24/2012,7.6425
5/23/2012,7.6425
5/22/2012,7.6425
5/21/2012,7.7321
5/18/2012,7.553
5/17/2012,7.6724
5/16/2012,7.6425
5/15/2012,7.6425
5/14/2012,7.6425
5/11/2012,7.6425
5/10/2012,7.7321
5/9/2012,7.7321
5/8/2012,7.7321
5/7/2012,7.7022
5/4/2012,7.6127
5/3/2012,7.5828
5/2/2012,7.5828
4/27/2012,7.6724
4/26/2012,7.6425
4/25/2012,7.7022
4/24/2012,7.7022
4/23/2012,7.7022
4/20/2012,7.6127
4/19/2012,7.5828
4/18/2012,7.7022
4/17/2012,7.8216
4/16/2012,7.8515
4/13/2012,7.8515
4/12/2012,7.8515
4/11/2012,7.6425
4/10/2012,7.5231
4/9/2012,7.5828
4/6/2012,7.553
4/5/2012,7.5231
4/4/2012,7.4037
4/3/2012,7.4634
3/30/2012,7.344
3/29/2012,7.344
3/28/2012,7.4933
3/27/2012,7.4634
3/26/2012,7.7022
3/23/2012,7.6425
3/22/2012,7.7022
3/21/2012,7.7022
3/20/2012,7.6724
3/19/2012,7.4933
3/16/2012,7.553
3/15/2012,7.4933
3/14/2012,7.3141
3/13/2012,7.344
3/12/2012,7.1052
3/9/2012,7.344
3/8/2012,7.3738
3/7/2012,7.7918
3/6/2012,8.0605
3/5/2012,8.2993
3/2/2012,7.7918
3/1/2012,7.4037
2/29/2012,7.0156
2/28/2012,6.8663
2/27/2012,7.0454
2/24/2012,6.8365
2/23/2012,6.9559
2/22/2012,6.926
2/21/2012,6.7469
2/20/2012,6.8365
2/17/2012,6.4484
2/16/2012,6.3588
2/15/2012,6.2693
2/14/2012,6.5081
2/13/2012,6.6275
2/10/2012,6.926
2/9/2012,6.9857
2/8/2012,6.8365
2/7/2012,6.6872
2/6/2012,6.3887
2/3/2012,6.3887
2/2/2012,6.5081
2/1/2012,6.2991
1/31/2012,6.329
1/30/2012,6.2095
1/20/2012,6.12
1/19/2012,6.0901
1/18/2012,6.0006
1/17/2012,5.9707
1/16/2012,5.911
1/13/2012,5.8513
1/12/2012,5.8215
1/11/2012,5.8215
1/10/2012,5.8513
1/9/2012,5.8215
1/6/2012,5.8513
1/5/2012,5.8812
1/4/2012,5.7617
1/3/2012,5.6722
12/30/2011,5.8813
12/29/2011,5.8271
12/28/2011,5.8542
12/27/2011,5.8
12/26/2011,5.8
12/23/2011,5.7458
12/22/2011,5.7187
12/21/2011,5.8
12/20/2011,5.8271
12/19/2011,5.7458
12/16/2011,5.5289
12/15/2011,5.4747
12/14/2011,5.5289
12/13/2011,5.556
12/12/2011,5.556
12/9/2011,5.5832
12/8/2011,5.5832
12/7/2011,5.5018
12/6/2011,5.4205
12/5/2011,5.4205
12/2/2011,5.3392
12/1/2011,5.3392
11/30/2011,5.3392
11/29/2011,5.3934
11/28/2011,5.4205
11/25/2011,5.4205
11/24/2011,5.4205
11/23/2011,5.4476
11/22/2011,5.4747
11/21/2011,5.4747
11/18/2011,5.4747
11/17/2011,5.4747
11/16/2011,5.5018
11/15/2011,5.4747
11/14/2011,5.3934
11/11/2011,5.4476
11/10/2011,5.4476
11/9/2011,5.4476
11/8/2011,5.3934
11/7/2011,5.4205
11/4/2011,5.5018
11/3/2011,5.556
11/2/2011,5.7458
11/1/2011,5.7729
10/31/2011,5.8542
10/28/2011,5.8542
10/27/2011,5.8
10/26/2011,5.8
10/25/2011,5.7729
10/24/2011,5.7729
10/21/2011,5.8271
10/20/2011,5.7729
10/19/2011,5.7729
10/18/2011,5.7729
10/17/2011,5.8
10/14/2011,5.8271
10/13/2011,5.8271
10/12/2011,5.9355
10/11/2011,5.9897
10/10/2011,5.9084
10/7/2011,6.0168
10/6/2011,5.9084
10/5/2011,5.8542
10/4/2011,5.8813
10/3/2011,5.8813
9/30/2011,5.8542
9/29/2011,5.8271
9/28/2011,5.8542
9/27/2011,5.8271
9/26/2011,5.7729
9/23/2011,5.8271
9/22/2011,5.8813
9/21/2011,5.8542
9/20/2011,5.8271
9/19/2011,5.8813
9/16/2011,5.8271
9/15/2011,5.9355
9/14/2011,6.0439
9/13/2011,6.1523
9/12/2011,6.1523
9/9/2011,6.1523
9/8/2011,6.3149
9/7/2011,6.4233
9/6/2011,6.1252
9/5/2011,6.342
9/1/2011,6.1252
8/31/2011,5.7729
8/30/2011,5.7458
8/29/2011,5.6916
8/26/2011,5.6645
8/25/2011,5.6916
8/24/2011,5.6916
8/23/2011,5.6916
8/22/2011,5.6916
8/19/2011,5.6374
8/18/2011,5.6916
8/17/2011,5.6374
8/16/2011,5.6374
8/15/2011,5.6374
8/12/2011,5.6374
8/11/2011,5.6103
8/10/2011,5.6374
8/9/2011,5.6103
8/8/2011,5.6374
8/5/2011,5.6645
8/4/2011,5.6916
8/3/2011,5.6374
8/2/2011,5.6374
8/1/2011,5.6374
7/29/2011,5.6916
7/28/2011,5.6645
7/27/2011,5.6916
7/26/2011,5.6916
7/25/2011,5.6645
7/22/2011,5.6916
7/21/2011,5.6916
7/20/2011,5.6645
7/19/2011,5.6916
7/18/2011,5.6645
7/15/2011,5.6916
7/14/2011,5.6645
7/13/2011,5.6645
7/12/2011,5.6916
7/11/2011,5.6645
7/8/2011,5.6916
7/7/2011,5.6645
7/6/2011,5.6916
7/5/2011,5.6645
7/4/2011,5.6645
7/1/2011,5.6374
6/30/2011,5.6645
6/29/2011,5.6374
6/28/2011,5.6374
6/27/2011,5.6374
6/24/2011,5.6374
6/23/2011,5.6374
6/22/2011,5.6645
6/21/2011,5.6916
6/20/2011,5.6645
6/17/2011,5.6645
6/16/2011,5.6645
6/15/2011,5.6103
6/14/2011,5.6374
6/13/2011,5.6374
6/10/2011,5.6374
6/9/2011,5.6103
6/8/2011,5.6103
6/7/2011,5.6916
6/6/2011,5.5832
6/3/2011,5.6374
6/2/2011,5.7729
6/1/2011,5.6645
5/31/2011,5.5832
5/30/2011,5.5289
5/27/2011,5.556
5/26/2011,5.6916
5/25/2011,5.5289
5/24/2011,5.7458
5/23/2011,5.8271
5/20/2011,5.8542
5/19/2011,5.9355
5/18/2011,5.9355
5/17/2011,5.9355
5/16/2011,5.9626
5/13/2011,5.9626
5/12/2011,5.9355
5/11/2011,5.9626
5/10/2011,5.9084
5/9/2011,5.9355
5/6/2011,5.9355
5/5/2011,5.9084
5/4/2011,5.8813
4/29/2011,5.8813
4/28/2011,5.8813
4/27/2011,5.9084
4/26/2011,5.9084
4/25/2011,5.9084
4/22/2011,6.0168
4/21/2011,6.0439
4/20/2011,6.0713
4/19/2011,6.0713
4/18/2011,6.045
4/15/2011,6.045
4/14/2011,6.045
4/13/2011,6.0187
4/8/2011,6.045
4/7/2011,6.045
4/6/2011,6.0713
4/5/2011,6.0187
4/4/2011,6.0187
4/1/2011,6.045
3/31/2011,6.0187
3/30/2011,6.0187
3/29/2011,6.0187
3/28/2011,6.0187
3/25/2011,6.0187
3/24/2011,5.9924
3/23/2011,6.0187
3/22/2011,5.9924
3/21/2011,6.0187
3/18/2011,6.0187
3/17/2011,5.8873
3/16/2011,5.9136
3/15/2011,5.9136
3/14/2011,5.9399
3/11/2011,6.045
3/10/2011,6.0187
3/9/2011,5.9136
3/8/2011,5.9136
3/7/2011,5.861
3/4/2011,5.9399
3/3/2011,5.7822
3/2/2011,5.7033
3/1/2011,5.8873
2/28/2011,5.8873
2/25/2011,5.9136
2/24/2011,5.861
2/23/2011,5.8873
2/22/2011,5.861
2/21/2011,5.7822
2/18/2011,6.2027
2/17/2011,6.229
2/16/2011,6.2816
2/15/2011,6.3604
2/14/2011,6.413
2/11/2011,6.4655
2/10/2011,6.4393
2/9/2011,6.4918
2/8/2011,6.4655
1/28/2011,6.3867
1/27/2011,6.4393
1/26/2011,6.4393
1/25/2011,6.3604
1/24/2011,6.4655
1/21/2011,6.5444
1/20/2011,6.2816
1/19/2011,6.229
1/18/2011,6.2553
1/17/2011,6.3341
1/14/2011,6.3078
1/13/2011,6.3078
1/12/2011,6.2553
1/11/2011,6.2027
1/10/2011,6.3604
1/7/2011,6.4655
1/6/2011,6.5707
1/5/2011,6.4918
1/4/2011,6.6232
12/31/2010,6.8598
12/30/2010,6.5969
12/29/2010,6.6232
12/28/2010,6.7021
12/27/2010,6.5444
12/24/2010,6.5444
12/23/2010,6.5444
12/22/2010,6.7284
12/21/2010,6.7284
12/20/2010,6.9123
12/17/2010,7.2277
12/16/2010,7.1226
12/15/2010,7.6745
12/14/2010,7.1489
12/13/2010,6.8335
12/10/2010,6.4918
12/9/2010,6.2553
12/8/2010,6.1501
12/7/2010,6.3078
12/6/2010,6.3341
12/3/2010,6.3341
12/2/2010,6.0187
12/1/2010,5.861
11/30/2010,5.8873
11/29/2010,5.6245
11/26/2010,5.5719
11/25/2010,5.5632
11/24/2010,5.5394
11/23/2010,5.4919
11/22/2010,5.3968
11/19/2010,5.4206
11/18/2010,5.4443
11/17/2010,5.373
11/16/2010,5.4681
11/15/2010,5.4443
11/12/2010,5.587
11/11/2010,5.7534
11/10/2010,5.9198
11/9/2010,5.9198
11/8/2010,5.9912
11/5/2010,6.0623
11/4/2010,5.9509
11/3/2010,5.9509
11/2/2010,5.9509
11/1/2010,5.9509
10/29/2010,5.9954
10/28/2010,5.7726
10/27/2010,5.8394
10/26/2010,5.9063
10/25/2010,5.8617
10/22/2010,5.9063
10/21/2010,5.9954
10/20/2010,5.8617
10/19/2010,6.0846
10/18/2010,6.1292
10/15/2010,6.1737
10/14/2010,6.2183
10/13/2010,6.1737
10/12/2010,6.196
10/11/2010,6.2183
10/8/2010,6.2406
10/7/2010,6.2629
10/6/2010,6.3075
10/5/2010,6.2629
10/4/2010,6.1737
10/1/2010,6.352
9/30/2010,6.352
9/29/2010,6.3298
9/28/2010,6.352
9/27/2010,6.352
9/24/2010,6.352
9/23/2010,6.352
9/22/2010,6.3298
9/21/2010,6.2852
9/20/2010,6.3075
9/17/2010,6.3075
9/16/2010,6.2629
9/15/2010,6.2406
9/14/2010,6.2406
9/13/2010,6.196
9/10/2010,6.2183
9/9/2010,6.352
9/8/2010,6.196
9/7/2010,6.2852
9/6/2010,6.4189
9/1/2010,6.3075
8/31/2010,6.2852
8/30/2010,6.2852
8/27/2010,6.0623
8/26/2010,6.0623
8/25/2010,6.0177
8/24/2010,6.196
8/23/2010,6.2406
8/20/2010,6.2852
8/19/2010,6.3075
8/18/2010,6.2852
8/17/2010,6.3966
8/16/2010,6.4412
8/13/2010,6.3075
8/12/2010,6.196
8/11/2010,6.3743
8/10/2010,6.3966
8/9/2010,6.5526
8/6/2010,6.5081
8/5/2010,6.5972
8/4/2010,6.6195
8/3/2010,6.6864
8/2/2010,6.6864
7/30/2010,6.6864
7/29/2010,6.7309
7/28/2010,6.7309
7/27/2010,6.7755
7/26/2010,6.7755
7/23/2010,6.7755
7/22/2010,6.8424
7/21/2010,6.8869
7/20/2010,6.8424
7/19/2010,6.9761
7/16/2010,6.9984
7/15/2010,6.9984
7/14/2010,7.043
7/13/2010,6.9092
7/12/2010,6.7978
7/9/2010,6.7978
7/8/2010,6.7978
7/7/2010,6.7755
7/6/2010,6.8201
7/5/2010,6.7978
7/2/2010,6.7978
7/1/2010,6.7978
6/30/2010,6.7978
6/29/2010,6.8424
6/28/2010,6.7978
6/25/2010,6.7532
6/24/2010,6.7978
6/23/2010,6.7978
6/22/2010,6.7978
6/21/2010,6.7978
6/18/2010,6.8201
6/17/2010,6.7978
6/16/2010,6.8201
6/15/2010,6.8201
6/14/2010,6.7978
6/11/2010,6.8424
6/10/2010,6.7978
6/9/2010,6.8201
6/8/2010,6.8424
6/7/2010,6.7755
6/4/2010,6.9761
6/3/2010,7.0207
6/2/2010,7.0207
6/1/2010,7.0207
5/31/2010,7.0207
5/28/2010,7.043
5/27/2010,6.9761
5/26/2010,7.0207
5/25/2010,6.9538
5/24/2010,7.0207
5/21/2010,7.043
5/20/2010,7.2881
5/19/2010,7.2881
5/18/2010,7.3327
5/17/2010,7.3104
5/14/2010,7.355
5/13/2010,7.355
5/12/2010,7.355
5/11/2010,7.4441
5/10/2010,7.4441
5/7/2010,7.5556
5/6/2010,7.667
5/5/2010,7.7339
5/4/2010,7.8676
4/29/2010,7.5333
4/28/2010,7.4664
4/27/2010,7.5556
4/26/2010,7.5779
4/22/2010,7.6893
4/21/2010,7.4887
4/20/2010,7.3996
4/19/2010,7.4887
4/16/2010,7.5556
4/15/2010,7.5779
4/14/2010,7.4887
4/13/2010,7.6002
4/12/2010,7.667
4/9/2010,7.7116
4/8/2010,7.7339
4/7/2010,7.7116
4/6/2010,7.7562
4/5/2010,7.7562
4/2/2010,7.7339
4/1/2010,7.7785
3/31/2010,7.6447
3/30/2010,7.7785
3/29/2010,7.7339
3/26/2010,7.7562
3/25/2010,7.8007
3/24/2010,7.8007
3/23/2010,7.7785
3/22/2010,7.8007
3/19/2010,7.8007
3/18/2010,7.823
3/17/2010,7.8007
3/16/2010,7.8007
3/15/2010,7.8007
3/12/2010,7.8676
3/11/2010,7.8007
3/10/2010,7.8453
3/9/2010,7.8899
3/8/2010,7.9345
3/5/2010,7.9345
3/4/2010,7.9345
3/3/2010,7.979
3/2/2010,7.8721
3/1/2010,7.9577
2/26/2010,7.8079
2/25/2010,7.5726
2/24/2010,7.6368
2/23/2010,7.6368
2/22/2010,7.8079
2/12/2010,7.6796
2/11/2010,7.6796
2/10/2010,7.5084
2/9/2010,7.487
2/8/2010,7.6154
2/5/2010,7.487
2/4/2010,7.6154
2/3/2010,7.5298
2/2/2010,7.5084
2/1/2010,7.5298
1/29/2010,7.5084
1/28/2010,7.5084
1/27/2010,7.5726
1/26/2010,7.8079
1/25/2010,7.5084
1/22/2010,7.5512
1/21/2010,7.4656
1/20/2010,7.6368
1/19/2010,7.7437
1/18/2010,7.6796
1/15/2010,7.9149
1/14/2010,8.0432
1/13/2010,8.0432
1/12/2010,7.9149
1/11/2010,8.1288
1/8/2010,8.1716
1/7/2010,8.2357
1/6/2010,8.2357
1/5/2010,8.4711
1/4/2010,8.4711
12/31/2009,7.9577
12/30/2009,7.9149
12/29/2009,7.7865
12/28/2009,7.8507
12/25/2009,8.1074
12/24/2009,7.979
12/23/2009,7.979
12/22/2009,8.0004
12/21/2009,8.2357
12/18/2009,8.0646
12/17/2009,7.8935
12/16/2009,7.6582
12/15/2009,7.9149
12/14/2009,7.979
12/11/2009,7.5298
12/10/2009,7.487
12/9/2009,7.4443
12/8/2009,7.701
12/7/2009,7.9149
12/4/2009,7.9149
12/3/2009,7.9149
12/2/2009,7.9577
12/1/2009,8.3213
11/30/2009,7.8721
11/27/2009,7.594
11/26/2009,7.209
11/25/2009,7.701
11/24/2009,8.1502
11/23/2009,8.3213
11/20/2009,8.5352
11/19/2009,8.5994
11/18/2009,8.5994
11/17/2009,8.5994
11/16/2009,8.6486
11/13/2009,8.7119
11/12/2009,8.7962
11/11/2009,8.7962
11/10/2009,8.6275
11/9/2009,8.7541
11/6/2009,9.0283
11/5/2009,9.1127
11/4/2009,9.0283
11/3/2009,8.9439
11/2/2009,9.0705
10/30/2009,9.5345
10/29/2009,9.4502
10/28/2009,9.7244
10/27/2009,9.8299
10/26/2009,9.9353
10/23/2009,10.2939
10/22/2009,10.1885
10/21/2009,10.2306
10/20/2009,9.8088
10/19/2009,9.7877
10/16/2009,9.8088
10/15/2009,10.1252
10/14/2009,9.872
10/13/2009,9.4713
10/12/2009,9.64
10/9/2009,9.4924
10/8/2009,9.3869
10/7/2009,9.3869
10/6/2009,9.3025
10/5/2009,9.3236
10/2/2009,9.4502
10/1/2009,9.6611
9/30/2009,9.7877
9/29/2009,9.872
9/28/2009,9.9775
9/25/2009,9.872
9/24/2009,9.7455
9/23/2009,9.7877
9/22/2009,9.7455
9/21/2009,9.8088
9/18/2009,9.9564
9/17/2009,10.0619
9/16/2009,10.2517
9/15/2009,9.7877
9/14/2009,9.7033
9/11/2009,9.6822
9/10/2009,9.7033
9/9/2009,9.7033
9/8/2009,9.8088
9/7/2009,9.7244
9/4/2009,9.8299
9/3/2009,9.9353
9/1/2009,10.0619
8/31/2009,10.1463
8/28/2009,9.9775
8/27/2009,9.851
8/26/2009,9.9775
8/25/2009,10.0408
8/24/2009,10.1252
8/21/2009,10.0197
8/20/2009,9.9353
8/19/2009,9.9353
8/18/2009,9.872
8/17/2009,9.9353
8/14/2009,10.0619
8/13/2009,10.0619
8/12/2009,9.9142
8/11/2009,9.8931
8/10/2009,9.9142
8/7/2009,9.851
8/6/2009,9.872
8/5/2009,9.9142
8/4/2009,9.9564
8/3/2009,9.8299
7/31/2009,9.9353
7/30/2009,9.5978
7/29/2009,9.7666
7/28/2009,9.9986
7/27/2009,10.526
7/24/2009,10.1041
7/23/2009,9.5978
7/22/2009,9.1338
7/21/2009,9.197
7/20/2009,9.0705
7/17/2009,9.5134
7/16/2009,9.64
7/15/2009,9.5767
7/14/2009,9.4924
7/13/2009,9.5345
7/10/2009,9.8931
7/9/2009,10.0408
7/8/2009,10.1885
7/7/2009,10.2517
7/6/2009,10.4205
7/3/2009,10.0408
7/2/2009,10.1463
7/1/2009,9.8299
6/30/2009,10.3361
6/29/2009,10.4627
6/26/2009,10.4416
6/25/2009,10.2939
6/24/2009,10.1252
6/23/2009,9.4291
6/22/2009,10.0408
6/19/2009,10.6947
6/18/2009,10.8635
6/17/2009,10.6525
6/16/2009,10.5892
6/15/2009,11.2854
6/12/2009,11.9815
6/11/2009,11.9393
6/10/2009,11.3063
6/9/2009,11.5553
6/8/2009,10.8085
6/5/2009,10.1031
6/4/2009,9.46
6/3/2009,9.2318
6/2/2009,9.377
6/1/2009,9.211
5/29/2009,8.8999
5/28/2009,8.7546
5/27/2009,9.0451
5/26/2009,9.1903
5/25/2009,9.3563
5/22/2009,8.9206
5/21/2009,9.0866
5/20/2009,9.294
5/19/2009,9.4807
5/18/2009,9.1696
5/15/2009,9.0451
5/14/2009,8.6302
5/13/2009,8.7131
5/12/2009,8.9414
5/11/2009,8.9414
5/8/2009,9.0866
5/7/2009,9.2318
5/6/2009,8.5057
5/5/2009,8.6924
5/4/2009,8.1323
4/29/2009,7.6759
4/28/2009,7.5099
4/27/2009,7.3024
4/24/2009,7.3232
4/23/2009,7.5721
4/22/2009,7.7589
4/21/2009,7.261
4/20/2009,7.8003
4/17/2009,8.236
4/16/2009,8.7546
4/15/2009,8.5264
4/14/2009,8.6924
4/13/2009,8.1323
4/10/2009,7.6136
4/9/2009,7.1572
4/8/2009,6.8875
4/7/2009,7.1365
4/3/2009,6.7631
4/2/2009,6.3274
4/1/2009,6.2237
3/31/2009,6.0577
3/30/2009,6.0162
3/27/2009,6.1822
3/26/2009,6.2859
3/25/2009,6.1822
3/24/2009,6.2029
3/23/2009,5.788
3/20/2009,5.9332
3/19/2009,5.9747
3/18/2009,6.1614
3/17/2009,5.8503
3/16/2009,5.5434
3/13/2009,5.4631
3/12/2009,5.3827
3/11/2009,5.5635
3/10/2009,5.3426
3/9/2009,5.202
3/6/2009,5.1015
3/5/2009,5.0614
3/4/2009,4.8806
3/3/2009,4.8204
3/2/2009,5.0212
2/27/2009,5.0614
2/26/2009,4.9609
2/25/2009,4.8605
2/24/2009,4.5994
2/23/2009,4.6597
2/20/2009,4.9208
2/19/2009,4.9409
2/18/2009,4.8605
2/17/2009,5.0614
2/16/2009,5.1618
2/13/2009,5.222
2/12/2009,5.2622
2/11/2009,5.2421
2/10/2009,5.3225
2/9/2009,5.4631
2/6/2009,5.2823
2/5/2009,5.1819
2/4/2009,5.4229
2/3/2009,5.443
2/2/2009,5.5836
1/23/2009,5.684
1/22/2009,5.6639
1/21/2009,5.6237
1/20/2009,5.6037
1/19/2009,5.6237
1/16/2009,5.6438
1/15/2009,5.6237
1/14/2009,5.6639
1/13/2009,5.684
1/12/2009,5.7242
1/9/2009,5.7443
1/8/2009,5.7443
1/7/2009,5.8246
1/6/2009,5.7443
1/5/2009,5.6037
1/2/2009,5.5836
12/31/2008,5.6037
12/30/2008,5.6237
12/29/2008,5.5635
12/26/2008,5.6037
12/25/2008,5.6037
12/24/2008,5.6639
12/23/2008,5.7443
12/22/2008,5.8648
12/19/2008,5.8848
12/18/2008,5.925
12/17/2008,5.9049
12/16/2008,5.8246
12/15/2008,6.2062
12/12/2008,5.9049
12/11/2008,5.684
12/10/2008,5.6438
12/9/2008,5.8648
12/8/2008,5.684
12/5/2008,6.0054
12/4/2008,6.2263
12/3/2008,5.9972
12/2/2008,6.0119
12/1/2008,6.1442
11/28/2008,6.3059
11/27/2008,5.8943
11/26/2008,5.9531
11/25/2008,6.3206
11/24/2008,6.2912
11/21/2008,6.3059
11/20/2008,6.3059
11/19/2008,6.5705
11/18/2008,6.5558
11/17/2008,6.1883
11/14/2008,6.2912
11/13/2008,6.1148
11/12/2008,6.0265
11/11/2008,5.8187
11/10/2008,6.0957
11/7/2008,5.9295
11/6/2008,6.3036
11/5/2008,6.5668
11/4/2008,6.2343
11/3/2008,5.9988
10/31/2008,6.1512
10/30/2008,5.9018
10/29/2008,5.5554
10/28/2008,5.4169
10/27/2008,5.2645
10/24/2008,5.6247
10/23/2008,5.7355
10/22/2008,6.1096
10/21/2008,6.359
10/20/2008,6.0265
10/17/2008,6.1373
10/16/2008,6.068
10/15/2008,6.4421
10/14/2008,6.1096
10/13/2008,5.7217
10/10/2008,5.6386
10/9/2008,6.1512
10/8/2008,5.9572
10/7/2008,6.359
10/6/2008,6.7746
10/3/2008,7.2872
10/2/2008,7.3565
10/1/2008,7.1625
9/30/2008,7.0655
9/29/2008,7.4811
9/26/2008,7.7859
9/25/2008,7.5643
9/24/2008,7.301
9/23/2008,7.4119
9/22/2008,7.301
9/19/2008,7.0101
9/18/2008,6.5529
9/17/2008,6.9408
9/16/2008,7.592
9/15/2008,7.966
9/12/2008,7.4257
9/11/2008,7.8968
9/10/2008,7.8119
9/9/2008,7.8923
9/8/2008,8.0532
9/5/2008,8.4643
9/4/2008,8.938
9/3/2008,8.795
8/29/2008,8.5448
8/28/2008,8.4107
8/27/2008,8.6699
8/26/2008,8.652
8/25/2008,8.1426
8/22/2008,7.6867
8/21/2008,7.5884
8/20/2008,6.9538
8/19/2008,7.3292
8/18/2008,7.0164
8/15/2008,6.5605
8/14/2008,6.3281
8/13/2008,6.1583
8/12/2008,5.9349
8/11/2008,5.7114
8/8/2008,5.5416
8/7/2008,5.2734
8/6/2008,5.2913
8/5/2008,5.0947
8/4/2008,5.2913
8/1/2008,5.4701
7/31/2008,5.622
7/30/2008,5.6488
7/29/2008,5.488
7/28/2008,5.4969
7/25/2008,5.2913
7/24/2008,5.3896
7/23/2008,5.6131
7/22/2008,5.8455
7/21/2008,5.9617
7/18/2008,5.9885
7/17/2008,6.1315
7/16/2008,5.9527
7/15/2008,5.7293
7/14/2008,5.5148
7/11/2008,5.3092
7/10/2008,5.1126
7/9/2008,4.9606
7/8/2008,4.8623
7/7/2008,4.755
7/4/2008,4.8802
7/3/2008,4.7014
7/2/2008,4.5405
7/1/2008,4.3886
6/30/2008,4.2813
6/27/2008,4.2366
6/26/2008,4.1919
6/25/2008,4.0579
6/24/2008,3.9149
6/23/2008,3.9238
6/20/2008,3.7808
6/19/2008,3.9327
6/18/2008,3.9238
6/17/2008,4.04
6/16/2008,3.9238
6/13/2008,3.8165
6/12/2008,3.7093
6/11/2008,3.6467
6/10/2008,3.5752
6/9/2008,3.6557
6/6/2008,3.7629
6/5/2008,3.8702
6/4/2008,3.9864
6/3/2008,4.1026
6/2/2008,4.2277
5/30/2008,4.3796
5/29/2008,4.469
5/28/2008,4.4511
5/27/2008,4.5673
5/26/2008,4.7014
5/23/2008,4.8444
5/22/2008,4.9874
5/21/2008,5.1394
5/20/2008,5.2913
5/19/2008,5.4522
5/16/2008,5.5773
5/15/2008,5.7472
5/14/2008,5.917
5/13/2008,6.0957
5/12/2008,6.2834
5/9/2008,6.4711
5/8/2008,6.6678
5/7/2008,6.8734
5/6/2008,7.07
5/5/2008,7.2666
4/29/2008,7.4096
4/28/2008,7.5169
4/25/2008,7.3739
4/24/2008,7.2219
4/23/2008,7.365
4/22/2008,7.5795
4/21/2008,7.8029
4/18/2008,8.0174
4/17/2008,8.3124
4/16/2008,8.1247
4/11/2008,8.375
4/10/2008,8.6252
4/9/2008,8.8665
4/8/2008,9.0989
4/7/2008,9.1704
4/4/2008,8.9112
4/3/2008,8.7414
4/2/2008,8.5716
4/1/2008,8.4107
3/31/2008,8.2498
3/28/2008,8.0889
3/27/2008,7.937
3/26/2008,7.9817
3/25/2008,7.2398
3/24/2008,7.8744
3/21/2008,8.6699
3/20/2008,8.5984
3/19/2008,8.7593
3/18/2008,8.4375
3/17/2008,9.1615
3/14/2008,9.7335
3/13/2008,9.7514
3/12/2008,9.5637
3/11/2008,9.3045
3/10/2008,10.0106
3/7/2008,9.6888
3/6/2008,8.8308
3/5/2008,8.0442
3/4/2008,8.3124
3/3/2008,9.1168
2/29/2008,9.4743
2/28/2008,9.5637
2/27/2008,9.5011
2/26/2008,9.5458
2/25/2008,10.1089
2/22/2008,9.7425
2/21/2008,9.6978
2/20/2008,10.6363
2/19/2008,11.1189
2/18/2008,11.2619
2/15/2008,11.7803
2/14/2008,11.9323
2/13/2008,11.7982
2/12/2008,11.9502
2/1/2008,12.263
1/31/2008,12.1736
1/30/2008,12.3256
1/29/2008,11.6731
1/28/2008,11.4854
1/25/2008,11.3513
1/24/2008,11.2619
1/23/2008,11.3513
1/22/2008,11.548
1/21/2008,11.6999
1/18/2008,11.8876
1/17/2008,11.6195
1/16/2008,11.9323
1/15/2008,10.9938
1/14/2008,11.4586
1/11/2008,11.8429
1/10/2008,11.9323
1/9/2008,11.9323
1/8/2008,12.1111
1/7/2008,11.977
1/4/2008,12.4239
1/3/2008,12.5133
1/2/2008,12.9602
12/28/2007,14.6584
12/27/2007,14.7478
12/26/2007,15.0159
12/25/2007,14.9802
12/24/2007,15.1857
12/21/2007,14.9444
12/20/2007,14.7746
12/19/2007,15.1053
12/18/2007,14.6584
12/17/2007,14.6584
12/14/2007,14.712
12/13/2007,14.7299
12/12/2007,14.8997
12/11/2007,14.9712
12/10/2007,15.1947
12/7/2007,15.588
12/6/2007,15.6595
12/5/2007,15.7578
12/4/2007,15.8382
12/3/2007,15.7757
11/30/2007,15.6416
11/29/2007,15.731
11/28/2007,15.6058
11/27/2007,15.6952
11/26/2007,15.9097
11/23/2007,15.5969
11/22/2007,15.4628
11/21/2007,15.15
11/20/2007,15.0695
11/19/2007,15.1411
11/16/2007,15.1053
11/15/2007,15.1053
11/14/2007,15.2036
11/13/2007,13.4965
11/12/2007,14.6584
11/9/2007,15.2841
11/8/2007,15.5165
11/7/2007,15.6058
11/6/2007,15.5254
11/5/2007,15.8114
11/2/2007,16.3566
11/1/2007,16.9823
10/31/2007,16.5354
10/30/2007,15.1053
10/29/2007,15.0159
10/26/2007,14.9265
10/25/2007,14.7031
10/24/2007,14.6942
10/23/2007,14.569
10/22/2007,15.0159
10/19/2007,15.1053
10/18/2007,14.8372
10/17/2007,15.0159
10/16/2007,15.2841
10/15/2007,15.3734
10/12/2007,15.3466
10/11/2007,15.3913
10/10/2007,15.4628
10/9/2007,15.4271
10/8/2007,14.7925
10/5/2007,14.3009
10/4/2007,14.4796
10/3/2007,14.7031
10/2/2007,14.6584
10/1/2007,14.8818
9/28/2007,13.7646
9/27/2007,13.0942
9/26/2007,13.0853
9/25/2007,13.2641
9/24/2007,12.9155
9/21/2007,12.0396
9/20/2007,12.2451
9/19/2007,12.6831
9/18/2007,12.0574
9/17/2007,11.2083
9/14/2007,10.8329
9/13/2007,10.7078
9/12/2007,10.672
9/11/2007,10.6899
9/10/2007,10.6899
9/7/2007,10.6988
9/6/2007,10.7078
9/5/2007,10.7346
9/4/2007,10.9044
8/31/2007,10.6363
8/30/2007,10.5648
8/29/2007,10.5469
8/28/2007,10.5111
8/27/2007,10.5469
8/24/2007,10.5916
8/23/2007,10.4396
8/22/2007,10.4396
8/21/2007,10.4128
8/20/2007,10.4128
8/17/2007,10.4665
8/16/2007,10.529
8/15/2007,10.5469
8/14/2007,10.4843
8/13/2007,10.5022
8/10/2007,10.5737
8/9/2007,10.6452
8/8/2007,10.4575
8/7/2007,10.3681
8/6/2007,10.3503
8/3/2007,10.4575
8/2/2007,10.5469
8/1/2007,10.681
7/31/2007,10.3056
7/30/2007,10.4128
7/27/2007,10.5469
7/26/2007,10.538
7/25/2007,10.6542
7/24/2007,10.7703
7/23/2007,10.9044
7/20/2007,10.958
7/19/2007,11.0206
7/18/2007,11.1011
7/17/2007,11.1011
7/16/2007,10.8865
7/13/2007,11.3513
7/12/2007,11.11
7/11/2007,11.5033
7/10/2007,11.4407
7/9/2007,10.7257
7/6/2007,10.7525
7/5/2007,10.681
7/4/2007,10.7882
7/3/2007,9.9927
7/2/2007,10.1894
6/29/2007,11.2798
6/28/2007,11.9323
6/27/2007,12.1826
6/26/2007,12.2004
6/25/2007,12.2451
6/22/2007,12.558
6/21/2007,12.5133
6/20/2007,13.0674
6/19/2007,13.3534
6/18/2007,13.4518
6/15/2007,13.2462
6/14/2007,12.692
6/13/2007,12.2988
6/12/2007,12.6026
6/11/2007,13.0495
6/8/2007,13.6752
6/7/2007,13.9076
6/6/2007,14.1042
6/5/2007,13.9791
6/4/2007,14.3009
6/1/2007,14.569
5/31/2007,14.4081
5/30/2007,14.3009
5/29/2007,14.7031
5/28/2007,14.8461
5/25/2007,14.9712
5/24/2007,15.0517
5/23/2007,15.0517
5/22/2007,15.0159
5/21/2007,15.007
5/18/2007,15.007
5/17/2007,15.0517
5/16/2007,14.9265
5/15/2007,15.0964
5/14/2007,15.0159
5/11/2007,15.0964
5/10/2007,14.855
5/9/2007,15.0874
5/8/2007,15.1053
5/7/2007,14.8818
5/4/2007,14.7031
5/3/2007,15.007
5/2/2007,15.5075
4/25/2007,16.2851
4/24/2007,14.9355
4/23/2007,15.1053
4/20/2007,16.6385
4/19/2007,17.1198
4/18/2007,17.8692
4/17/2007,16.7554
4/16/2007,16.9823
4/13/2007,18.2886
4/12/2007,17.8142
4/11/2007,18.4949
4/10/2007,18.3574
4/9/2007,17.5942
4/6/2007,17.5323
4/5/2007,17.051
4/4/2007,17.3261
4/3/2007,16.5079
4/2/2007,16.8448
3/30/2007,17.1886
3/29/2007,17.6698
3/28/2007,17.4567
3/27/2007,15.6416
3/26/2007,16.501
3/23/2007,18.0824
3/22/2007,18.5224
3/21/2007,18.5636
3/20/2007,18.5636
3/19/2007,20.0762
3/16/2007,19.2443
3/15/2007,18.2199
3/14/2007,17.5323
3/13/2007,18.4949
3/12/2007,18.9418
3/9/2007,19.5262
3/8/2007,19.595
3/7/2007,19.6293
3/6/2007,19.1824
3/5/2007,17.8761
3/2/2007,16.776
3/1/2007,16.9823
2/28/2007,17.051
2/27/2007,17.3261
2/26/2007,16.0472
2/15/2007,14.7478
2/14/2007,14.3696
2/13/2007,13.6821
2/12/2007,13.4071
2/9/2007,13.4002
2/8/2007,13.3933
2/7/2007,13.5446
2/6/2007,13.3039
2/5/2007,13.2352
2/2/2007,13.3727
2/1/2007,13.4071
1/31/2007,13.5721
1/30/2007,13.4758
1/29/2007,13.0771
1/26/2007,13.1321
1/25/2007,13.3383
1/24/2007,13.8884
1/23/2007,13.3383
1/22/2007,12.6508
1/19/2007,12.2039
1/18/2007,11.6195
1/17/2007,11.2069
1/16/2007,11.3101
1/15/2007,11.2069
1/12/2007,11.1382
1/11/2007,11.0007
1/10/2007,10.9319
1/9/2007,10.7117
1/8/2007,10.801
1/5/2007,10.8353
1/4/2007,10.6431
1/3/2007,10.2929
1/2/2007,10.1624
12/29/2006,10.2997
12/28/2006,10.4645
12/27/2006,10.1143
12/26/2006,9.723
12/25/2006,9.6131
12/22/2006,9.4895
12/21/2006,9.8878
12/20/2006,9.9221
12/19/2006,9.8672
12/18/2006,9.929
12/15/2006,9.8191
12/14/2006,9.6612
12/13/2006,9.5856
12/12/2006,9.5376
12/11/2006,9.9015
12/8/2006,9.6818
12/7/2006,9.2354
12/6/2006,8.3977
12/5/2006,8.3909
12/4/2006,8.7136
12/1/2006,8.9951
11/30/2006,9.0294
11/29/2006,9.4689
11/28/2006,9.8328
11/27/2006,10.08
11/24/2006,10.08
11/23/2006,9.5032
11/22/2006,9.2492
11/21/2006,8.9402
